,image_id,label,img_name
835750,03343000,혐의로 기소중지된 상태이기 때문에한국에 입국했다면 통보조치가,03343000.png
835751,03343001,대는 대학본부 학생상벌위원회가 관련 절차에 따라 재심사를 하고 있,03343001.png
835755,03343005,고 했다.,03343005.png
835762,03343012,했던 치즈축제와 오수의견제를 통합해 올해 처음 통합축제로 연다.,03343012.png
835767,03343017,"고했다. 재판부는 판결문에서 ""어린 딸에게 죽음을 강요한 것은 어떤",03343017.png
835779,03343029,금융실무협의회 이후 십수년만에 부활되는 것이다. 하지만 재정부가,03343029.png
835780,03343030,원은 옛 삼성동 자택을 67억 원에 팔면서 생긴 돈으로 파악하고 있습,03343030.png
835785,03343035,3건 25억7000여만원을 삭감했다. 여기에는 김 지사의 대표적인 공,03343035.png
835787,03343037,러나면서 현 전 의원이 종착지인지 여부를 밝히는 데 조씨의 진술이,03343037.png
835794,03343044,"자감세를 철회하면 연간 10조원이 걷히고, 4대강 공사같은 토목공사",03343044.png
835797,03343047,"수 있게 하고, 고객들은 위생처리를 거친 우유를 안심하고 마실 수 있",03343047.png
835805,03343055,영장을 청구했으며 긴급체포돼 수감 중인 은 전 위원을 이날 다시 불,03343055.png
835807,03343057,"의 일본식 명칭)는 일본 고유의 영토'라고 적은 말뚝을 묶고, 매춘부",03343057.png
835817,03343067,명했다. 답안지 대리작성도 지난해 1학기 중간고사 이전부터 미리 공,03343067.png
835823,03343073,"정권자였는데 이에 대한 사과가 우선""이라고 했다. 한편 문 후보와 김",03343073.png
835824,03343074,"니 어떤 남자가 불을 집어 던지는 것이 보였다""고 말했다. 경찰은 일",03343074.png
835828,03343078,"국어, 일본어반을 운영하고 있으며, 고급반인 어학 집중과정도 마련",03343078.png
835842,03343092,"로 알려졌다. 법무부 관계자는 ""C검사가 제출한 사표는 대검을 통해",03343092.png
835843,03343093,났는데 회동 장소 중 한 곳이 서울이었다고 전했다. 1999년 10월 출,03343093.png
835847,03343097,한국광해관리공단(이사장 권혁인)은 국내뿐만 아니라 세계 각 국별로,03343097.png
835855,03343105,대북 정책을 믿고 국론을 하나로 모아달라고 당부했습니다. KBS 뉴스,03343105.png
835859,03343109,서울우유가 치열한 유업체들간 경쟁시장에 '행복' 깃발을 들고 나섰,03343109.png
835865,03343115,지원하고 있으나 신청 업체가 한 곳도 없었다. 이는 현대자동차와 현,03343115.png
835872,03343122,리도 있다.,03343122.png
835873,03343123,상이한 광해방지 제도 및 적용기술에 대해 한국녹색산업진흥협회와,03343123.png
835875,03343125,"을 이용해 고객명단과 주민등록번호, 주소, 전화번호 등 개인정보 5",03343125.png
835883,03343133,이 서울의 공개된 장소에서 김우중 전 대우그룹 회장을 만났다는 외,03343133.png
835894,03343144,다.,03343144.png
835895,03343145,기 위해 필사적으로 로비를 벌였고 그 과정에서 일부 고위층 인사들,03343145.png
835906,03343156,진군행렬 등 다양한 볼거리와 즐길거리를 제공할 계획이다. 고창군,03343156.png
835907,03343157,위원장 등 간부들과 간담회를 갖고 노동현안 등을 논의했다. 문 후보,03343157.png
835908,03343158,하고 있다고 밝혔다.인하대는 성희롱성폭력성차별 예방과 처리에 관,03343158.png
835917,03343167,가 훌륭하다.,03343167.png
835929,03343179,속할 수 있지만 본인이 사표를 낸 이상 소환 등에 응할 가능성이 적어,03343179.png
835933,03343183,박 전 대통령은 재산 몰수와 추징 시효가 10년으로 늘어난 전두환 특,03343183.png
835937,03343187,안심사소위 회의실에는 민노당 의원들이 모두 나와 법안 심사 저지에,03343187.png
835942,03343192,다. 기존 보험계리실과 보험조사실은 모두 국으로 격상된다. 이에 따,03343192.png
835950,03343200,부에 기소중지된 상태다. 5년 넘게 해외체류 중인 김 전 회장은 2002,03343200.png
835958,03343208,가 참석하는 '거시정책실무협의회'를 월 1회 운영할 계획이라고 밝혔,03343208.png
835970,03343220,"사설 휴양지 개념으로 전남 신안군 암태면의 한 무인도를 샀는데, 마",03343220.png
835972,03343222,"행 검사국, 특수은행 검사국, 저축은행 검사 1, 2국을 총괄하도록 했",03343222.png
835973,03343223,"을 감안해 집행유예를 선고한다""고 밝혔다. 노씨는 2003년 10월께",03343223.png
835979,03343229,"편적 복지를 할 수 있는데 한 푼의 증세 없이도 마련할 수 있다""며 ""부",03343229.png
835982,03343232,"이훈규 차의과학대학 총장, 지훈상 분당차병원 병원장 등이 참석한",03343232.png
835984,03343234,r) 제도로 이어졌다. 밀크마스터는 서울우유에만 있는 젖소 전문 지정,03343234.png
835990,03343240,"했다. 정승인 마케팅 부문장은 ""이번 탐방을 통해, 우리 민족의 자랑",03343240.png
835993,03343243,"에서 ""북인권법이라는 것을 기어코 조작해낸다면 그 순간부터 북남관",03343243.png
835998,03343248,"에 참석한 민주노총 한 핵심관계자는 ""참여정부에서 가장 실패한 정",03343248.png
836002,03343252,수 있는 구조로 설계되어 있다. 이렇게 되면 견인성과 제동성이 클 뿐,03343252.png
836006,03343256,"나 있고 미세 먼지 농도도 보통 단계입니다. 하지만, 전남과 제주 지역",03343256.png
836011,03343261,감찰부는 C검사의 사표가 수리될 때까지는 C검사에 대한 감찰을 계,03343261.png
836012,03343262,구조를 재개키로 했다. 한편 이날 좌초된 선박은 부산에서 석회석을,03343262.png
836018,03343268,"고발사건을 해결했다고 말한 것으로 기억하고 있다""고 주장했다. 그",03343268.png
836020,03343270,시키기 위해 위장전입한 것은 사실이나 오씨의 도움을 받아 B고교에,03343270.png
836030,03343280,률상담비나 소송비 등 정부 지원을 받을 수 있게 될 전망이다. 국회 여,03343280.png
836036,03343286,"의 대표주자로 국내에서도 인기를 누리고 있으며, 각종 와인 평가에",03343286.png
836039,03343289,으로 산뜻하고도 정교한 맛이 부드럽고 감칠맛 있는 민어회와의 조화,03343289.png
836047,03343297,며 최근 인천지법에 징계효력정지 가처분 신청과 함께 징계처분무효,03343297.png
836058,03343308,사회적 합의에 기초해서 가야한다고 생각해 동반성장위원회를 만든,03343308.png
836062,03343312,화축제가 전주시 풍남동 경기전 일대에서 열린다. 임실군에선 30일,03343312.png
836069,03343319,한 것으로 풀이된다. 보험 권역에서는 생보서비스국과 손보서비스국,03343319.png
836071,03343321,법무부는 21일 담임교사가 아들의 답안지를 대신 작성한 사건으로,03343321.png
836076,03343326,주소로돼 있어야 하고 실제 거주해야 한다고 교육청 관계자가 전했,03343326.png
836077,03343327,"노조 파업에 공권력 투입을 사실상 결정했고, 김 위원장은 철도노조",03343327.png
836084,03343334,장을 향해 또다시 목소리를 높였다. 최 장관은 30일 기자간담회에서,03343334.png
836085,03343335,에 대한 법률상담이나 소송 등에 드는 비용을 정부가 지원할 필요가,03343335.png
836089,03343339,을 판단 기준으로 삼았다고 설명했다.학교 측은 피해 학생 인권 보호,03343339.png
836090,03343340,"장경기록문화 테마파크 조성, 통영 국제음악당 건립, 김해 중소기업",03343340.png
836095,03343345,감이 좋고 시원하게 마실 수 있는 화이트 와인이 좋다. 특히 시원한 스,03343345.png
836098,03343348,"""동반성장위원회를 구성한 목적은 동반성장지수와 중소기업 적합업",03343348.png
836099,03343349,크 서비스를 규제하는 방안을 검토하겠다고 밝혔다. 데일리뮤직 길인,03343349.png
836100,03343350,"받고 있다. 김군은 경찰에서 ""처음엔 호기심으로 개인정보를 빼내 저",03343350.png
836102,03343352,조되는 과정에서 높은 파도로 많은 물을마셔 의식불명 상태로 삼척의,03343352.png
836113,03343363,인 피고인이 잘못을 뉘우치며 정신적 후유증에 시달리고 있는 점 등,03343363.png
836118,03343368,확인 소송을 제기했다.또 징계를 받은 남학생 12명이 의과대 학생상,03343368.png
836128,03343378,개국 8개 법인에 파견하기로 했다. 이외에도 대한통운은 다양한 사내,03343378.png
836134,03343384,부터 '치즈자랑 의견이야기' 축제가 개최된다. 지난해까지 각각 진행,03343384.png
836140,03343390,검찰에 비공식적으로 자진귀국 의사를 타진한 적이있었으나 같은해,03343390.png
836155,03343405,에 대해 구속영장을 청구했다. 검찰에 따르면 이씨는 2009년 10월,03343405.png
836156,03343406,"부에서는 시큰둥했다""고 말했다. 또 다른 관계자도 ""노무현정부에서",03343406.png
836166,03343416,침이다. 한편 금감원은 이에 앞서 새로운 임원진을 사실상 확정했다.,03343416.png
836169,03343419,김두관 경남도지사가 '여소야대'로 곤욕을 치르고 있다. 최근 한나라,03343419.png
836174,03343424,싣고 동해항으로 향하던 중 엔진고장으로 표류 중 높은 파도에 좌초,03343424.png
836176,03343426,붙였다. 오씨는 평소 자신이 운영하는 서울 우이동의 식당에 단골손,03343426.png
836182,03343432,습니다. 바다의 물결은 동해 중부 먼바다에서 최고 4m까지 매우 높게,03343432.png
836186,03343436,에 비기면서 출발부터 불안했습니다.4차전 이란 원정에서 단 한 개의,03343436.png
836193,03343443,정이다. 또 학생들의 성 평등 의식 고취를 위해 성 평등 교육과 함께,03343443.png
836212,03343462,로비를 맡았던 금융브로커 윤 모씨가 은진수 전 감사원 감사위원을,03343462.png
836213,03343463,입국내역은 모두 보고를 받는데 김우중 전 회장에 대해서는 전혀 보,03343463.png
836218,03343468,다. 재정부와 한은간 정례회의는 1990년대 중반 국장급 수준의 통화,03343468.png
836226,03343476,정책에 대한 반성이 없다는 것이 민주노총 내부의 분위기다. 문 후보,03343476.png
836231,03343481,서울 종로경찰서는 21일 인터넷 쇼핑몰에서 주민등록번호 등 개인정,03343481.png
836235,03343485,고 있다. 대검찰청 중앙수사부(검사장 김홍일)가 부산저축은행그룹의,03343485.png
836239,03343489,"니 어떤 남자가 불을 집어 던지는 것이 보였다""고 말했다. 경찰은 일",03343489.png
836240,03343490,조원이면 경제협력개발기구(OECD) 국가들이 실시하는 최소한의 보,03343490.png
836245,03343495,아들 C군은 주소지의 학교를 피하기 위해 서울 강동구로 위장전입한,03343495.png
836247,03343497,인하대는 의예과 남학생들의 여학생 집단 성희롱과 관련해 9일 공식,03343497.png
836249,03343499,"""동반성장지수와 중소기업 적합업종 선정의 경우 사회적 파장이 크고",03343499.png
836251,03343501,구조된 구모(59)씨가 숨졌다. 구씨는 배와 육지를 로프를 연결해 구,03343501.png
836253,03343503,랐습니다. 오늘 경북 상주는 낮 기온 25도까지 올랐고 서울도 22.1도,03343503.png
836254,03343504,"께 3개 국으로 늘어나게 된다. 저축은행 검사는 1, 2국으로 나뉜다.",03343504.png
836268,03343518,은 미세 먼지 농도가 일시적으로 높게 나타날 수 있기 때문에 따로 대,03343518.png
836269,03343519,"계는 완전히 격폐될 것이며 그 어떤 내왕(왕래)도, 접촉도 이뤄지지",03343519.png
836270,03343520,다. 한나라당은 북한인권법의 인권이라고 하는 말 속에는 민생의 개,03343520.png
836275,03343525,한 말맞추기라고 판단한 검찰은 즉각 조씨에 대한 사전 구속영장을,03343525.png
836280,03343530,"있다""고 말했다. 또한 안 팀장은 ""정부는 일본 정부에 일본군 위안부",03343530.png
836285,03343535,로 보여 개막식 행사에 참여하는 분들은 추위에 대비를 잘 해주셔야,03343535.png
836287,03343537,을 판단 기준으로 삼았다고 설명했다.학교 측은 피해 학생 인권 보호,03343537.png
836294,03343544,권에 따르면 금감원은 이같은 내용의 조직개편안을 마련하고 조만간,03343544.png
836298,03343548,급을 받았기 때문이다. 하지만 감사원 감사결과 이는 평가기준과 다,03343548.png
836300,03343550,된다. 고무에 카본블랙주1을 섞은 일반타이어는 날씨가 추워질수록,03343550.png
836306,03343556,내곡동 자택과 1억 원짜리 수표 30장입니다. 수표는 박 전 대통령의,03343556.png
836310,03343560,일본군 위안부 피해자들이 명예훼손이나 손해배상 소송을 할 경우 법,03343560.png
836322,03343572,"이훈규 차의과학대학 총장, 지훈상 분당차병원 병원장 등이 참석한",03343572.png
836326,03343576,성적 언행으로 피해 여학생들이 느꼈을 성적 수치심과 인격적 모멸감,03343576.png
836329,03343579,맞는 이 축제는 공음면 학원농장의 보리밭에서 5월 8일까지 열린다.,03343579.png
836334,03343584,후배가 되는 것을 싫어하는 것을 보고 아내의 지인이 사는 강동구로,03343584.png
836337,03343587,"소위원들이 간담회를 열어 심사방안을 논의하겠다""고 밝혔다. 이에",03343587.png
836343,03343593,찾는 이들이 많다. 하지만 여름 보양식에 와인을 곁들이면 더욱 좋다,03343593.png
836345,03343595,권에 따르면 금감원은 이같은 내용의 조직개편안을 마련하고 조만간,03343595.png
836347,03343597,공조를 강화하기 위해서다. 박재완 기획재정부 장관과 김중수 한국은,03343597.png
836348,03343598,대 의예과 1516학번 남학생 11명은 지난해 35월 학교 인근 고깃집,03343598.png
836353,03343603,지 않은 6월 30일 4단지 배수지에 수돗물을 공급하는 낙동강횡단관,03343603.png
836356,03343606,나섰으며 한국노총과 민주노총 간부들도 회의장 안팎에서 진행상황,03343606.png
836359,03343609,총 내부에서는 썩 우호적이지 않았던 것으로 전해졌다. 이날 간담회,03343609.png
836360,03343610,어가 있기 때문에 이 법안을 그대로 의결하면 민주당이 제기한 북한,03343610.png
836366,03343616,공조를 강화하기 위해서다. 박재완 기획재정부 장관과 김중수 한국은,03343616.png
836371,03343621,보를 빼내 판매한 혐의(정보통신망이용촉진 및 정보보호에 관한 법률,03343621.png
836374,03343624,14년까지 4년간 총 3600억 원을 지원할 계획이었다. 하지만 한나라,03343624.png
836375,03343625,리고 모레 밤에는 경기 북부와 강원 영서 북부에 비가 내리겠습니다.,03343625.png
836377,03343627,"중근 의사 단지 동맹비, 의거 현장인 중국 하얼빈 역, 재판장소인 관동",03343627.png
836378,03343628,신청 업체는 전무한 것으로 나타났다. 17일 울산지방노동사무소에,03343628.png
836380,03343630,일본군 위안부 피해자에 대한 생활안정지원 및 기념사업 등에 관한,03343630.png
836388,03343638,있어 매운 맛을 상쇄시켜 준다. 킴 크로포드는 뉴질랜드 소비뇽 블랑,03343638.png
836393,03343643,"""동반성장위원회를 구성한 목적은 동반성장지수와 중소기업 적합업",03343643.png
836394,03343644,"학과정을 운영하고 있으며, 지난해 약 2000여 명이 신청했을 정도로",03343644.png
836406,03343656,니다. 앞으로 대기는 점점 더 건조해 질 것으로 보여 화재가 나지 않도,03343656.png
836418,03343668,"운영할 필요가 있다는 데 공감했다""며 ""특히 수출과 내수간 격차, 지",03343668.png
836422,03343672,법무부는 21일 담임교사가 아들의 답안지를 대신 작성한 사건으로,03343672.png
836425,03343675,"을 이용해 고객명단과 주민등록번호, 주소, 전화번호 등 개인정보 5",03343675.png
836428,03343678,"겠습니다. 충남과 남부에 20에서 60mm, 수도권과 강원, 충북에는 5",03343678.png
836437,03343687,감이 좋고 시원하게 마실 수 있는 화이트 와인이 좋다. 특히 시원한 스,03343687.png
836447,03343697,의 500만원'이라고 일치된 주장을 하는 것과 관련해 진술 은폐를 위,03343697.png
836453,03343703,싣고 동해항으로 향하던 중 엔진고장으로 표류 중 높은 파도에 좌초,03343703.png
836454,03343704,3건 25억7000여만원을 삭감했다. 여기에는 김 지사의 대표적인 공,03343704.png
836456,03343706,검찰이 박근혜 전 대통령에 대한 재산 동결 조치를 취했습니다. 내곡,03343706.png
836460,03343710,"자력 서비스센터 준공으로원자로 분해조립, 연료재장전 훈련 등을 실",03343710.png
836461,03343711,과실의 경중과 평가 결과에 미친 영향을 고려해 평가결과와 성과급,03343711.png
836491,03343741,빛바랜 영광입니다.YTN 이형원입니다.,03343741.png
836496,03343746,로 평년기온을 11도 가량 웃돌면서 5월 상순에 해당되는 고온현상이,03343746.png
836498,03343748,"남학생 21명에게 무기정학 5명, 유기정학 6명, 근신 2명, 사회봉사",03343748.png
836500,03343750,"검찰 관계자는 ""김 전 회장은 외교통상부와 재외 공관을 통해 인터폴",03343750.png
836501,03343751,날인 내일은 대부분 지방이 맑겠지만 제주도는 오후 한때 비나 눈이,03343751.png
836509,03343759,다. 검찰은 실제 로비가 이뤄졌는지 확인 중이며 김 전 원장의 소환을,03343759.png
836516,03343766,"6월 10일부터는 고창 특산물인 복분자와 풍천장어, 수박과 옥수수를",03343766.png
836521,03343771,반면 예산삭감을 주도한 도의회 한나라당 원내대표인 김오영 의원은,03343771.png
836529,03343779,오늘 비교적 온화한 날씨가 이어지면서 활동하기 무난했습니다. 설,03343779.png
836539,03343789,"정권자였는데 이에 대한 사과가 우선""이라고 했다. 한편 문 후보와 김",03343789.png
836540,03343790,내는 동생이 없어 주변을 살피다 창고에서 목을 매 숨져있는 동생을,03343790.png
836542,03343792,"난해 위기를 평화롭게 극복해 전 세계가 경이롭게 보고 있다면서, 평",03343792.png
836545,03343795,"했다. 정승인 마케팅 부문장은 ""이번 탐방을 통해, 우리 민족의 자랑",03343795.png
836555,03343805,검찰은 글로웍스가 몽골 금광 개발에 투자한다는 등의 허위 공시를,03343805.png
836559,03343809,의견과 폭동 선동은 엄중하게 처벌해야 한다는 의견이 팽팽히 맞서,03343809.png
836565,03343815,"9월 중국전 한 골 차 진땀승을 시작으로, 조 최약체로 꼽히던 시리아",03343815.png
836566,03343816,휴가를 요청해 놓았으며 형사대를 이씨의 군부대에 보내 이씨를 경찰,03343816.png
836590,03343840,공조를 강화하기 위해서다. 박재완 기획재정부 장관과 김중수 한국은,03343840.png
836599,03343849,손 아나운서는 지인의 소개로 만난 장 씨와 1년여의 교제 끝에 결혼에,03343849.png
836608,03343858,따르면 지난해 12월까지 주 40시간제를 법정시행일보다 앞당겨 시행,03343858.png
836612,03343862,회복을 중심으로 거시정책이 운영돼야 한다는 공통인식에 따라 정책,03343862.png
836615,03343865,"""오늘은 날이 참 따뜻했죠? 온화한 남서풍이 불면서 기온이 크게 올",03343865.png
836619,03343869,개별 노동정책이 성과를 내기 위해서는 산업정책이나 중소기업정책,03343869.png
836624,03343874,이 과제가 국가 추진과제로 선정됐다. 이에 따라 오는 2014년을 목,03343874.png
836628,03343878,법무부는 8일 프랑스의 열차 제작업체 로르 그룹의 로베르 로르 회장,03343878.png
836636,03343886,"하기때문에 꺼리는 것으로 풀이됐다. 노동사무소 관계자는 ""근로시간",03343886.png
836646,03343896,WONBIN'을 열어 팬들과 만난다. 약 5천여명의 팬들이 참석할 예정,03343896.png
836648,03343898,단과 총격을 벌이다 경찰이 사망하기도 했다.,03343898.png
836650,03343900,기 오렌지 등 풍부한 과실향과 튼튼한 구조감을 가진 캘리포니아 최,03343900.png
836657,03343907,했던 치즈축제와 오수의견제를 통합해 올해 처음 통합축제로 연다.,03343907.png
836659,03343909,베 시에서 20명으로 구성된 강도단이 30분만에 은행 3곳을 터는 사,03343909.png
836668,03343918,하는 점에 비춰 B고교의 전입학 시스템에 중대 허점이 있었던 사실도,03343918.png
836672,03343922,"달리 19m파일 대신 6m파일을 박았고, 가물막이 하류지역의 준설을",03343922.png
836673,03343923,"않을 것""이라고 비난했다. 이에 대해 배은희 한나라당 대변인은 논평",03343923.png
836677,03343927,사에게 넘겨준것으로 알고 있다. 원래 학생과 학부모는 함께 전입학,03343927.png
836683,03343933,대한통운(대표 이원태)이 글로벌 인재 양성에 박차를 가하고 있다. 대,03343933.png
836685,03343935,이는 방식을 택해 공장식 축산을 할 수 없다며 한정생산을 강점으로,03343935.png
836692,03343942,다. 감찰부는 C검사에 대해 진상규명을 위해 대검에 출석할 것을 통,03343942.png
836698,03343948,가물막이 붕괴사고는 수차례 안전보강공사가 필요하다는 지적을 무,03343948.png
836703,03343953,구조를 재개키로 했다. 한편 이날 좌초된 선박은 부산에서 석회석을,03343953.png
836705,03343955,"사 등 다른 사안과 연계 가능성까지 언급해 민주당의 반발을 샀고, 북",03343955.png
836706,03343956,로 평년기온을 11도 가량 웃돌면서 5월 상순에 해당되는 고온현상이,03343956.png
836712,03343962,이후 밝혀온대로 검사 기능과 함께 소비자 보호 업무를 강화하기 위,03343962.png
836714,03343964,"참여시켰는데 지금은(이명박정부는) 그런 의지가 전혀 없다""며 ""지금",03343964.png
836719,03343969,장을 고발했지만 무혐의 처리됐다. 당시 오 교사는 아는 검사를 통해,03343969.png
836721,03343971,례 통화한 적은 있으나 그 전에는 일면식도 없다. 아들 주소지의 주인,03343971.png
836728,03343978,실 자체를 부인하기는 어려워지고 어떤 식으로든 3억원의 행방을 언,03343978.png
836737,03343987,으로 알려지고 있다. 지난 5월 8일 구미시와 국가공단의 생명줄인 해,03343987.png
836744,03343994,"초속 10미터 안팎, 서울 초속 4.6미터로 꽤 강합니다. 오늘 해안과 강",03343994.png
836745,03343995,9회 연속 월드컵 본선 진출은 마지막 벼랑 끝까지 몰리는 힘겨운 과정,03343995.png
836746,03343996,"내일 아침 기온은 서울 12도, 광주 14도로 예상됩니다. 낮 기온은 서",03343996.png
836748,03343998,해관리공단은 지난 1월 지식경제부 기술표준원의 12년 국가표준기,03343998.png
836763,03344013,다. 재정부와 한은간 정례회의는 1990년대 중반 국장급 수준의 통화,03344013.png
836764,03344014,"피해자 문제 제기를 하는 등 보다 적극적인 자세를 보여야 한다""고 말",03344014.png
836765,03344015,"술력 향상사업에 광해방지기술의 KS 및 ISO 인증을 신규 제안했으며,",03344015.png
836766,03344016,해 12회를 맞는 전주국제영화제는 5월 6일까지 9일간 열린다. 38개,03344016.png
836779,03344029,"는 이번 탐방은 안중근 의사 관련 레포트 우수 대학생 13명, 전국 중",03344029.png
836793,03344043,모돼 이행됐을 가능성이 높다는 의혹이 제기됐다. 이 밖에 해외 유학,03344043.png
836796,03344046,입니다.,03344046.png
836805,03344055,조되는 과정에서 높은 파도로 많은 물을마셔 의식불명 상태로 삼척의,03344055.png
836806,03344056,"편적 복지를 할 수 있는데 한 푼의 증세 없이도 마련할 수 있다""며 ""부",03344056.png
836809,03344059,"는 ""노동계가 기대가 컸던 데 반해 참여정부가 한계가 있었다는 점을",03344059.png
836810,03344060,"에는 박씨가 해당 주식을 대량 매도해 주가가 폭락하자 ""손실 보전을",03344060.png
836817,03344067,흡수된다. 리스크검사지원국은 폐지된다. 금감원은 또 소비자서비스,03344067.png
836819,03344069,m의 눈이 내리겠습니다. 내일 비가 오는 지역에서는 돌풍과 함께 천,03344069.png
836826,03344076,주민의 인권을 실질적으로 증진하고 국제적 기준에 따라 인도적 지원,03344076.png
836829,03344079,받지 않았다고 했다가 나중에 500만원을 받았다고 인정했다. 그러나,03344079.png
836837,03344087,"""오늘은 날이 참 따뜻했죠? 온화한 남서풍이 불면서 기온이 크게 올",03344087.png
836838,03344088,기획재정부와 한국은행이 월 1회 정기적으로 만나 경제정책 현안을,03344088.png
836839,03344089,"트너""라며 ""우리 캠프에 민주노총을 대표할 수 있는 분을 노동본부장",03344089.png
836841,03344091,량 낮겠습니다. 바다의 물결은 동해상에서 최고 6미터까지 거세게 일,03344091.png
836842,03344092,도록 하는 게 조합운영 방향이었다. 서울우유는 유통 전 과정이 냉장,03344092.png
836844,03344094,조율하는 '거시정책실무협의회'를 구성하기로 했다. 물가안정과 고용,03344094.png
836848,03344098,"벌위원회의 징계 의결에 불복, 의과대에 이의를 제기한 상태다.인하",03344098.png
836849,03344099,주소로돼 있어야 하고 실제 거주해야 한다고 교육청 관계자가 전했,03344099.png
836856,03344106,", 백두산 등 우리 민족의 발자취가 묻어있는 유적지도 탐방할 예정이",03344106.png
836862,03344112,"제보다 5,6도 가량 낮겠습니다. 현재 대부분 해상으로 풍랑 특보가 발",03344112.png
836867,03344117,맞는 이 축제는 공음면 학원농장의 보리밭에서 5월 8일까지 열린다.,03344117.png
836870,03344120,"준화할 예정이며, 향후 산림복원 기술, 지반침하 방지기술 등으로 확",03344120.png
836878,03344128,총 내부에서는 썩 우호적이지 않았던 것으로 전해졌다. 이날 간담회,03344128.png
836879,03344129,당하는 시공사 관계자도 붕괴위험을 사전에 지적하며 보강공사를 수,03344129.png
836884,03344134,인성 교과목을 운영해 인성 및 인권 존중의 교육 환경을 조성해나가,03344134.png
836905,03344155,심야까지 회의를 열지 못하고 24일로 연기했다. 법안심사소위 위원,03344155.png
836908,03344158,럭으로 길목을 차단해 경찰의 접근을 막았으며 3대의 픽업과 1대의,03344158.png
836912,03344162,"을 통해 ""북한의 협박에 굴복해 법제정을 망설인다면 국회가 본분을",03344162.png
836914,03344164,현영희 새누리당 의원의 공천헌금 의혹을 수사 중인 검찰이 현기환,03344164.png
836919,03344169,이 가동돼 한은의 통화정책이 영향을 받는 것 아니냐는 우려의 목소,03344169.png
836940,03344190,정이다. 또 학생들의 성 평등 의식 고취를 위해 성 평등 교육과 함께,03344190.png
836949,03344199,"다. 이 관계자는 이어 ""전입학 당시 오 교사가 전입학서류를 담당 교",03344199.png
836953,03344203,"난해 위기를 평화롭게 극복해 전 세계가 경이롭게 보고 있다면서, 평",03344203.png
836959,03344209,"준화할 예정이며, 향후 산림복원 기술, 지반침하 방지기술 등으로 확",03344209.png
836968,03344218,"으며 사안의 중대성을 감안, 가해 학생들의 이의 제기를 면밀히 검토",03344218.png
836974,03344224,"조사 및 서면 조사, 추가 증거 확보 등을 거쳐 최종적으로 지난달 가해",03344224.png
836976,03344226,후배가 되는 것을 싫어하는 것을 보고 아내의 지인이 사는 강동구로,03344226.png
836979,03344229,마당 등을 선보일 계획이다. 남원에선 5월 6일부터 10일까지 문화체,03344229.png
836980,03344230,둥 번개가 치겠습니다. 비는 밤에 서쪽 지역부터 차차 그치겠습니다.,03344230.png
836982,03344232,"표경기와 체감경기간 괴리에 대한 의견교환이 있었고, 서비스산업 경",03344232.png
836983,03344233,유동업조합으로 시작한 서울우유는 이후 국내 낙농산업의 혁신을 선,03344233.png
836994,03344244,로 평년기온을 11도 가량 웃돌면서 5월 상순에 해당되는 고온현상이,03344244.png
837001,03344251,7호 객차에 앉아 졸고 있었는데 갑자기 주위가 시끄러워 눈을 떠 보,03344251.png
837002,03344252,영국 폭동 와중에 페이스북에 선동 글을 올린 젊은이들에게 중형이,03344252.png
837028,03344278,"교사는 ""2001년 6월 한 교사가 보충수업비 횡령 등 4가지 혐의로 교",03344278.png
837032,03344282,과 다르게 경영실적보고서를 작성해 높은 등급을 받았다. 이 덕분에,03344282.png
837033,03344283,"""이라며 정면 반박하는 등 인권법을 둘러싼 갈등이 여야 갈등을 넘어",03344283.png
837042,03344292,인성 교과목을 운영해 인성 및 인권 존중의 교육 환경을 조성해나가,03344292.png
837047,03344297,사실이 뒤늦게 밝혀졌다. 담임교사는 C군의 전입학 이전부터 이미 C,03344297.png
837049,03344299,보완조치를 요청했다. 대한하천학회 등 전문가와 시민단체도 사고위,03344299.png
837050,03344300,상태로 이뤄지는 콜드체인시스템을 도입해 2000여 곳의 전용목장에,03344300.png
837051,03344301,창 올림픽은 88올림픽 이후 성장과 발전을 전세계에 알리는 좋은 계,03344301.png
837053,03344303,따르면 지난해 12월까지 주 40시간제를 법정시행일보다 앞당겨 시행,03344303.png
837054,03344304,"보다 높겠고, 한낮에도 대부분 지역이 영상으로 오르면서 추위가 누",03344304.png
837060,03344310,한 국방력을 기반으로 남북 대화와 평화를 추구해 가겠다고 말했습니,03344310.png
837061,03344311,시 김종창 금감원장에게 청탁한 정황을 포착한 것으로 30일 확인됐,03344311.png
837062,03344312,업부서로 배치해 검사기능과 소비자보호 업무를 대폭 강화한다는 방,03344312.png
837067,03344317,트워크를 폭동의 도구라며 비난해 온 데이비드 캐머런 영국 총리는,03344317.png
837071,03344321,기관으로부터 9조2천억원의 사기대출을 받은 혐의 등으로 대검 중수,03344321.png
837079,03344329,"에 참석한 민주노총 한 핵심관계자는 ""참여정부에서 가장 실패한 정",03344329.png
837082,03344332,"을 수 있도록 하는 것이다. 이 의원은 ""최근 일본군 위안부 피해자들",03344332.png
837084,03344334,라 보험권역은 기존 2국 2실 체제에서 5개 국 체제로 대폭 확대될 예,03344334.png
837093,03344343,"있도록 국가가 도와야 한다""고 말했다. 지난 6월 한 일본인 남성이 주",03344343.png
837100,03344350,비정규직법안에 대한 국회 처리를 둘러싸고 여당과 노동계가 팽팽한,03344350.png
837102,03344352,된다. 고무에 카본블랙주1을 섞은 일반타이어는 날씨가 추워질수록,03344352.png
837108,03344358,의견과 폭동 선동은 엄중하게 처벌해야 한다는 의견이 팽팽히 맞서,03344358.png
837110,03344360,"지급률 수정 등 적절한 조치를 취하라""고 통보하고, 수공 사장에게 """,03344360.png
837114,03344364,"이었다고 밝혔다. 또, 이들은 ""전입학 직전인 지난해 2월 19일자로",03344364.png
837115,03344365,로비를 맡았던 금융브로커 윤 모씨가 은진수 전 감사원 감사위원을,03344365.png
837116,03344366,대치를 벌인 끝에 법안 심사 일정이 연기됐다. 국회 환경노동위원회,03344366.png
837118,03344368,28일 독립영화의 산실인 전주국제영화제가 화려한 막을 올린다. 올,03344368.png
837121,03344371,성가족위원회 소속 이자스민 의원은 '일본군 위안부 피해자들에게 법,03344371.png
837122,03344372,방치해 사고를 자초했다는 지적을 받았다. 지난달 30일 새벽 낙동강,03344372.png
837137,03344387,가 훌륭하다.,03344387.png
837138,03344388,이다.,03344388.png
837139,03344389,"것을 봤다""고 신고했다. 이씨는 ""휴가중에 술을 마시고 사고 지하철의",03344389.png
837140,03344390,"원 산간으로는 바람이 매우 강하게 불겠고, 그 밖의 내륙으로도 종일",03344390.png
837146,03344396,이 과제가 국가 추진과제로 선정됐다. 이에 따라 오는 2014년을 목,03344396.png
837149,03344399,공동으로 KS 제정 및 국제표준화(ISO)를 추진한다고 9일 밝혔다. 광,03344399.png
837150,03344400,두산중공업(사장 박지원)은 25일경남 창원공장에서 실물 원자로와,03344400.png
837152,03344402,"수의사로서 젖소의 스트레스와 건강을 관리하고 있다. 한편, 국내 우",03344402.png
837153,03344403,WONBIN'을 열어 팬들과 만난다. 약 5천여명의 팬들이 참석할 예정,03344403.png
837159,03344409,있어 매운 맛을 상쇄시켜 준다. 킴 크로포드는 뉴질랜드 소비뇽 블랑,03344409.png
837167,03344417,"달리 19m파일 대신 6m파일을 박았고, 가물막이 하류지역의 준설을",03344417.png
837169,03344419,입을 열면 소환시기를 앞당길 계획이다.,03344419.png
837171,03344421,딱딱해지는 특성을 갖고 있다.,03344421.png
837174,03344424,화를 추진하겠다고 밝 혔습니다. 평창 올림픽에 대해서는 88 올림픽,03344424.png
837175,03344425,이다. 소음이 많은 것이 단점으로 꼽히기는 하지만 전후 방향의 강력,03344425.png
837177,03344427,"조사 및 서면 조사, 추가 증거 확보 등을 거쳐 최종적으로 지난달 가해",03344427.png
837185,03344435,"날씨정보 전해드렸습니다.""",03344435.png
837192,03344442,한 말맞추기라고 판단한 검찰은 즉각 조씨에 대한 사전 구속영장을,03344442.png
837211,03344461,를 끌어올려 15억여원의 차익을 챙긴 혐의를 받고 있다. 2010년 2월,03344461.png
837212,03344462,"국이 신설되고, 일부 실이 국으로 승격돼 기능이 강화된다. 13일 금융",03344462.png
837233,03344483,조화를 이룬다. 입맛을 잃기 쉬운 삼복더위엔 매콤 칼칼한 낙지볶음,03344483.png
837244,03344494,로 분리할 예정이다. 금감원은 조직개편과 함께 지원부서 인력을 현,03344494.png
837246,03344496,다. 조 전 수석은 박 전 대통령이 이 부회장 퇴진을 지시했고 손경식 C,03344496.png
837255,03344505,"한다""는 취지의 발언을 한 바 있다.",03344505.png
837256,03344506,이에는 프랑스 남쪽지방 와인인 셀리에 드 마레농의 '그랑 마레농'을,03344506.png
837259,03344509,"개 무인도중 하나로, 박준영전남도지사가 다도해 개발의 시범사업 지",03344509.png
837261,03344511,입니다.,03344511.png
837264,03344514,밝혔다. 박씨도 로비 자체를 부인하고 있다. 박씨는 부산저축은행에,03344514.png
837271,03344521,"재 선에서 협의채널을 만들기로 했다""고 말했다. 양측은 간담회 직후",03344521.png
837273,03344523,"개 무인도중 하나로, 박준영전남도지사가 다도해 개발의 시범사업 지",03344523.png
837274,03344524,들이 법적 대응을 할 때 변호사가 수임료를 받지 않거나 자원봉사자,03344524.png
837278,03344528,유시장의 경쟁은 더욱 치열해지고 있다. 빠리바게뜨를 운영하는 SPC,03344528.png
837282,03344532,의뢰했기 때문에 필요할 경우 C검사는 참고인 자격으로 소환될 가능,03344532.png
837283,03344533,일본군 위안부 피해자에 대한 생활안정지원 및 기념사업 등에 관한,03344533.png
837285,03344535,불러왔다. 수자원공사는 지난 5월 사고 당시 다시는 사고가 발생하지,03344535.png
837297,03344547,신한카드는 5일 경기도 성남시 차의과학대학교에서 이재우 사장과,03344547.png
837307,03344557,부터 '치즈자랑 의견이야기' 축제가 개최된다. 지난해까지 각각 진행,03344557.png
837311,03344561,심야까지 회의를 열지 못하고 24일로 연기했다. 법안심사소위 위원,03344561.png
837313,03344563,"난해 위기를 평화롭게 극복해 전 세계가 경이롭게 보고 있다면서, 평",03344563.png
837318,03344568,신청 업체는 전무한 것으로 나타났다. 17일 울산지방노동사무소에,03344568.png
837321,03344571,담 부원장보에는 신응호 기업금융개선국장이 임명될 것으로 알려졌,03344571.png
837334,03344584,화축제가 전주시 풍남동 경기전 일대에서 열린다. 임실군에선 30일,03344584.png
837336,03344586,박 전 대통령은 재산 몰수와 추징 시효가 10년으로 늘어난 전두환 특,03344586.png
837339,03344589,골인하게 됐다. 예비 신랑은 1살 연상의 사업가 장모(32)씨로 고대,03344589.png
837341,03344591,강동구로 돼 있더라도 실제 거주지가 강남구였다면 강동구로전입하,03344591.png
837342,03344592,받지 않았다고 했다가 나중에 500만원을 받았다고 인정했다. 그러나,03344592.png
837345,03344595,생인권법을 병합심사할 것을 주문하고 있다. 이 과정에서 한나라당은,03344595.png
837347,03344597,"발견, 경찰에 신고 했다. 이씨는 경찰에서 ""집에 돌아와 보니 함께 지",03344597.png
837348,03344598,선수 삼계탕엔 '슈렘스버그 블랑 드 누아'가 제격이다. 삼계탕엔 산미,03344598.png
837355,03344605,"은행 및 비은행 담당 부원장에는 주재성 부원장보가, 금융투자와 기",03344605.png
837356,03344606,비즈니스센터 건립 사업을 '경남 모자이크 프로젝트' 7대 선도사업으,03344606.png
837359,03344609,남북갈등으로까지 확산될 조짐마저 보이고 있다.,03344609.png
837360,03344610,러 다른 정관계 고위인사 등이 비리에 연루됐는지 추궁했다.,03344610.png
837362,03344612,"동강 횡단관로 사고시설 파손우려가 있다고 통보했고, 수회에 걸쳐",03344612.png
837364,03344614,낮부터 기온이 오름세를 보이면서 추위가 금세 누그러지겠습니다. 그,03344614.png
837365,03344615,서울중앙지검 금융조세조사3부(부장검사 이중희)는 27일 박성훈 글,03344615.png
837367,03344617,"표경기와 체감경기간 괴리에 대한 의견교환이 있었고, 서비스산업 경",03344617.png
837371,03344621,해 국제적으로 선도적 지위를 유지하는 것이 한민족으로서 우리의 의,03344621.png
837380,03344630,이 가동돼 한은의 통화정책이 영향을 받는 것 아니냐는 우려의 목소,03344630.png
837384,03344634,지 않은 6월 30일 4단지 배수지에 수돗물을 공급하는 낙동강횡단관,03344634.png
837385,03344635,권에 따르면 금감원은 이같은 내용의 조직개편안을 마련하고 조만간,03344635.png
837391,03344641,"보했지만 C검사는 ""말미를 달라""며 출석을 미뤄온 것으로 알려졌다.",03344641.png
837398,03344648,이는 방식을 택해 공장식 축산을 할 수 없다며 한정생산을 강점으로,03344648.png
837400,03344650,자살했으며 이로 인해 이씨가 최근 폭행치사 혐의로 징역 2년을 구형,03344650.png
837402,03344652,년께 독일에서 장협착증 수술을 받는등 건강이 악화돼 이듬해 1월께,03344652.png
837404,03344654,한은 금융통화위원회에 차관을 참석시키는 열석발언권을 행사해 중,03344654.png
837411,03344661,"조사 및 서면 조사, 추가 증거 확보 등을 거쳐 최종적으로 지난달 가해",03344661.png
837421,03344671,"무이다""고 말했다. 또 이주영 한나라당 정책위 의장은 민주당의 북한",03344671.png
837428,03344678,인하대 게시판에는 8일 '의대 남학우 9인의 성폭력을 고발합니다라,03344678.png
837436,03344686,"고 더 큰 사회 문제를 일으키는 원인이 될 것""이라며 ""결국 그들이 당",03344686.png
837437,03344687,월부터 2015년 6월까지 3년 동안 고객들이 차병원에서 결제한 금액,03344687.png
837440,03344690,조원이면 경제협력개발기구(OECD) 국가들이 실시하는 최소한의 보,03344690.png
837442,03344692,"난해 위기를 평화롭게 극복해 전 세계가 경이롭게 보고 있다면서, 평",03344692.png
837453,03344703,한 국방력을 기반으로 남북 대화와 평화를 추구해 가겠다고 말했습니,03344703.png
837457,03344707,다. 검찰은 실제 로비가 이뤄졌는지 확인 중이며 김 전 원장의 소환을,03344707.png
837459,03344709,"주민의 민생 문제도 그대로 반영된다""고 덧붙였다. 이처럼 여야가 북",03344709.png
837471,03344721,가족 전체가 주소를 당시 명일동으로 이전했으나 넉달 뒤인 6월에 다,03344721.png
837473,03344723,물의를 빚어 감찰 대상에 올랐던 C검사가 이날 사표를 제출했다고 밝,03344723.png
837475,03344725,률상담이나 소송대리 등을 지원'하는 개정법률안을 8월 셋째 주에 발,03344725.png
837477,03344727,승용차를 이용해 은행을 차례로 털었다. 강도단은 사베 시의 경찰서,03344727.png
837478,03344728,"지고 있었더라도 출입국 직원이 못알아봤을리 없다""며 ""요인들의 출",03344728.png
837481,03344731,"를 중단하면 10조원이 줄고, 연간 예산증가율로 마련되는 추가 재원",03344731.png
837491,03344741,권재진 청와대 민정수석에게 전화를 걸어 구명로비를 했다는 의혹을,03344741.png
837493,03344743,"""나흘 간의 설 연휴가 시작됐습니다. 연휴 첫 날, 잘 보내고 계신가요?",03344743.png
837495,03344745,입을 비롯한 다양한 의혹이제기됨에 따라 이달 20일부터 C검사에 대,03344745.png
837502,03344752,건이 발생했다. 21일 현지 언론에 따르면 강도단은 이날 새벽 훔친 트,03344752.png
837504,03344754,는 23일 법안심사소위를 열어 정부가 제출한 비정규직법안을 심사해,03344754.png
837507,03344757,"서류를 갖고와 제출해야 한다""며 전입학 이전에 이미 오씨와 C군의",03344757.png
837508,03344758,"당대표 연설에서 ""정권 연장용 정치공작, 야당 죽이기 공작수사를 즉",03344758.png
837516,03344766,로가 파손돼 1만6000여 가구와 248개 기업체에 또 다시 단수사태를,03344766.png
837517,03344767,"비스총괄본부가 폐지되고 산하에 있던 감독총괄국과 거시감독국, 국",03344767.png
837518,03344768,"자들의 명예가 훼손될 우려가 있는 사건들이 늘고 있다""며 ""일본군 위",03344768.png
837519,03344769,"른 자료를 사용했기 때문으로 밝혀졌다. 감사원은 기재부장관에게 """,03344769.png
837525,03344775,"연합뉴스와의 전화 통화를 통해 ""최근 변호사인 친동생(김형진 씨)이",03344775.png
837526,03344776,톱스타 원빈이 오는 27일 일본 요코하마에서 자선 팬미팅을 연다. 원,03344776.png
837531,03344781,채용할 경우 증원인력 1인당 월 50만원(올해 60만원)씩한시적으로,03344781.png
837532,03344782,자살했으며 이로 인해 이씨가 최근 폭행치사 혐의로 징역 2년을 구형,03344782.png
837538,03344788,인터넷을 차단했던 이집트 정부처럼 행동하려 한다고 비난했다. 폴,03344788.png
837539,03344789,어가 있기 때문에 이 법안을 그대로 의결하면 민주당이 제기한 북한,03344789.png
837549,03344799,"""문재인 대통령이 남북 문제와 관련해 강력한 국방력을 기반으로 대",03344799.png
837550,03344800,00만원을 받은 혐의(특경가법상 알선수재)로 은 전 위원에 대해 구속,03344800.png
837559,03344809,중단과 부자감세 철회 등을 주장했다. 이 대표는 이날 KBS 라디오 정,03344809.png
837561,03344811,"른 자료를 사용했기 때문으로 밝혀졌다. 감사원은 기재부장관에게 """,03344811.png
837562,03344812,호사는 박 전 대통령의 현금 10억여 원도 보관 중입니다. 지금까지 드,03344812.png
837566,03344816,"온 영하 6도까지 떨어지는 등 반짝 추위가 이어지겠습니다. 하지만,",03344816.png
837575,03344825,하는 점에 비춰 B고교의 전입학 시스템에 중대 허점이 있었던 사실도,03344825.png
837592,03344842,효중인 가운데 물결이 거세게 일겠습니다. 내일 아침에는 서울의 기,03344842.png
837601,03344851,지거나 이러한 수분이 제대로 배출되지 못하면 차가 미끄러지게 된다,03344851.png
837604,03344854,혐의로 기소된 노모(38.여)씨에 대해 징역 3년에 집행유예 5년을 선,03344854.png
837616,03344866,귀국치 않았다.,03344866.png
837618,03344868,로 채용한 업체는 전무했다. 정부가 지난해 7월부터 중소기업의 인건,03344868.png
837628,03344878,구조를 재개키로 했다. 한편 이날 좌초된 선박은 부산에서 석회석을,03344878.png
837630,03344880,로 보여 개막식 행사에 참여하는 분들은 추위에 대비를 잘 해주셔야,03344880.png
837631,03344881,서 주행을 할 수 있도록 한다. 또한 블록패턴의 트레드는 바퀴 압력에,03344881.png
837634,03344884,원은 옛 삼성동 자택을 67억 원에 팔면서 생긴 돈으로 파악하고 있습,03344884.png
837635,03344885,고교장의 추천을 받은 역사교사 18명 그 외 지도교사 등 40명의 인원,03344885.png
837641,03344891,"교사는 ""2001년 6월 한 교사가 보충수업비 횡령 등 4가지 혐의로 교",03344891.png
837646,03344896,며 논란 끝에 예산을 전액 삭감했다. 낙동강특위 활동기간 연장 지원,03344896.png
837651,03344901,주민의 인권을 실질적으로 증진하고 국제적 기준에 따라 인도적 지원,03344901.png
837668,03344918,영문 제목)'는 한국에서 1천100만명을 모은 '브라더후드('태극기 휘,03344918.png
837677,03344927,줬다. 대구 최세호 장병호 기자,03344927.png
837685,03344935,조원이면 경제협력개발기구(OECD) 국가들이 실시하는 최소한의 보,03344935.png
837698,03344948,이 박근혜 전 대통령 재산에 대한 동결 조치에 나섰습니다. 국정원으,03344948.png
837703,03344953,며 논란 끝에 예산을 전액 삭감했다. 낙동강특위 활동기간 연장 지원,03344953.png
837713,03344963,파클링을 함께 마시면 입안에서 청량감이 살아나 더운 날씨에 처진,03344963.png
837717,03344967,"조금 오는 곳이 있겠습니다. 한낮 기온은 서울 4도, 대구는 8도 예상",03344967.png
837720,03344970,싣고 동해항으로 향하던 중 엔진고장으로 표류 중 높은 파도에 좌초,03344970.png
837724,03344974,"옮기는 이석근 부원장보 후임에는 조영제 은행서비스국장이, 검사 전",03344974.png
837730,03344980,술함을 여실히 드러냈다는 비판의 목소리가 높다. 5월 해평취수장의,03344980.png
837731,03344981,"각 중단하고 박 원내대표에게 혐의가 있다면 당당히 기소하라""며 ""한",03344981.png
837734,03344984,률상담비나 소송비 등 정부 지원을 받을 수 있게 될 전망이다. 국회 여,03344984.png
837740,03344990,자를 목격한 사실을 확인했다. 경찰은 이씨의 군부대에 이씨의 특별,03344990.png
837742,03344992,내는 동생이 없어 주변을 살피다 창고에서 목을 매 숨져있는 동생을,03344992.png
837744,03344994,화축제가 전주시 풍남동 경기전 일대에서 열린다. 임실군에선 30일,03344994.png
837746,03344996,500만원이 아닌 3억원을 받은 혐의로 구속되면 더 이상 금품수수 사,03344996.png
837748,03344998,기 정보를 확인하셔야겠습니다. 오늘 낮 최고 기온은 서울 2도 등 어,03344998.png
837754,03345004,검토 중이다. 부산저축은행 로비수사는 최고위층 인사로 확대되고 있,03345004.png
837757,03345007,"위관계자도 ""김우중 전 회장 정도의 인물이라면 설령 위조여권을 가",03345007.png
837759,03345009,횡단송수관로 누수발생사고도 인재다. 구미시는 5월 16일 문서로 낙,03345009.png
837762,03345012,14년까지 4년간 총 3600억 원을 지원할 계획이었다. 하지만 한나라,03345012.png
837766,03345016,입국내역은 모두 보고를 받는데 김우중 전 회장에 대해서는 전혀 보,03345016.png
837774,03345024,"옮기는 이석근 부원장보 후임에는 조영제 은행서비스국장이, 검사 전",03345024.png
837778,03345028,가 참석하는 '거시정책실무협의회'를 월 1회 운영할 계획이라고 밝혔,03345028.png
837787,03345037,오씨 학급만 공교롭게도 34명이어서 C군이 이 학급에 배정됐다고 해,03345037.png
837788,03345038,과 묶음으로 가야하기 때문에 집권당시 실책에 대한 면밀한 평가와,03345038.png
837792,03345042,다. 두 사건 모두 상수도시설 관리에 대한 수자원공사의 안이함과 허,03345042.png
837800,03345050,"예정이다. 최수현 수석부원장은 기획총괄, 소비자, 보험업무를 관할",03345050.png
837807,03345057,다. 탐방 기간 동안 중국 및 러시아 현지 대학 교수들의 특강과 토론도,03345057.png
837818,03345068,로가 파손돼 1만6000여 가구와 248개 기업체에 또 다시 단수사태를,03345068.png
837823,03345073,"다. 한국정신대문제대책협의회 안정미 팀장은 ""일본군 위안부 피해자",03345073.png
837826,03345076,혐의도 받고 있다. 검찰은 박씨가 주가조작으로 거액의 시세차익을,03345076.png
837831,03345081,"있도록 국가가 도와야 한다""고 말했다. 지난 6월 한 일본인 남성이 주",03345081.png
837838,03345088,만 아니라 전후좌우 방향으로 미끄러지는 것을 방지하는 효과가 있다,03345088.png
837841,03345091,빈은 이날 요코하마의 파시피코홀에서 자선행사 '28DAY'N YEAR,03345091.png
837859,03345109,"""문재인 대통령이 남북 문제와 관련해 강력한 국방력을 기반으로 대",03345109.png
837861,03345111,"원 당시 합의를 이행하라""고 했다. 이 대표는 또 ""5년 동안 연평균 30",03345111.png
837862,03345112,"공동브리핑에서 ""우리 경제가 수출 호조와 고용 개선 등에 힘입어 잠",03345112.png
837868,03345118,"고받은 바 없다""고말했다. 대검 중수부도 김우중 전 회장이 사기대출",03345118.png
837876,03345126,도해 왔다. 영세한 낙농가가 조합을 통해 우유를 안정적으로 유통할,03345126.png
837877,03345127,"다. 이 관계자는 이어 ""전입학 당시 오 교사가 전입학서류를 담당 교",03345127.png
837879,03345129,"수 있게 하고, 고객들은 위생처리를 거친 우유를 안심하고 마실 수 있",03345129.png
837880,03345130,즉각 반발하고 나섰다.이들의 글이 실제 폭동으로 이어지지 않았는데,03345130.png
837887,03345137,"의하셔야겠습니다. 아침 기온은 서울 영하 6도, 광주 영하 2도로 오늘",03345137.png
837899,03345149,손해배상 소송을 할 경우 법률상담비나 소송대리 등 정부 지원을 받,03345149.png
837902,03345152,"추천한다. 야생 딸기의 향과 함께 계피, 생강 등 섬세한 향신료의 향이",03345152.png
837904,03345154,"록 조심하셔야겠습니다. 아침 기온은 서울 영하 5도, 대구는 영하 3도",03345154.png
837907,03345157,법무부는 21일 담임교사가 아들의 답안지를 대신 작성한 사건으로,03345157.png
837910,03345160,법사위에 계류돼 있는 법안에 북한에 대한 인도적인 지원 내용이 들,03345160.png
837913,03345163,"부에서는 시큰둥했다""고 말했다. 또 다른 관계자도 ""노무현정부에서",03345163.png
837916,03345166,전체회의에 넘기려 했으나 민주노동당 의원들의 소위 회의실 점거로,03345166.png
837924,03345174,원해 수색을 벌이고 있으나 아직 구체적인단서를 찾지 못했다. 한편,03345174.png
837928,03345178,조 파업 때로 거슬러 올라 간다. 문 후보는 당시 청와대 민정수석으로,03345178.png
837930,03345180,"내세웠다. 남양, 매일, 빙그레 등 주식회사들도 빠른 의사결정을 무기",03345180.png
837931,03345181,다. 문 대통령은 오늘 대한노인회 회장단과 가진 오찬에서 과거처럼,03345181.png
837934,03345184,이다.,03345184.png
837938,03345188,기 오렌지 등 풍부한 과실향과 튼튼한 구조감을 가진 캘리포니아 최,03345188.png
837943,03345193,문제에 관심을 갖자는 이야기를 먼저 했는데 사실은 미국이나 일본이,03345193.png
837944,03345194,인하대는 의예과 남학생들의 여학생 집단 성희롱과 관련해 9일 공식,03345194.png
837948,03345198,상이한 광해방지 제도 및 적용기술에 대해 한국녹색산업진흥협회와,03345198.png
837949,03345199,둥 번개가 치겠습니다. 비는 밤에 서쪽 지역부터 차차 그치겠습니다.,03345199.png
837951,03345201,"구하기 위해 신태용 감독이 긴급 투입됐지만,첫 경기였던 이란전에서",03345201.png
837959,03345209,"지고 있었더라도 출입국 직원이 못알아봤을리 없다""며 ""요인들의 출",03345209.png
837962,03345212,오늘 비교적 온화한 날씨가 이어지면서 활동하기 무난했습니다. 설,03345212.png
837973,03345223,성적 언행으로 피해 여학생들이 느꼈을 성적 수치심과 인격적 모멸감,03345223.png
837974,03345224,경보가 호남과 충남을 제외한 대부분 지역에는 건조주의보가 계속되,03345224.png
837981,03345231,정교하고 잘 싸인 탄닌이 부드럽고도 쫄깃한 장어의 질감과 환상의,03345231.png
838005,03345255,"황토현 동학축제'를 통해 1박2일 황토현숙영캠프, 동학농민혁명군",03345255.png
838008,03345258,"어지기를 바란다""고 말했다. 한편, 신한카드는 이날 차병원에 소아뇌",03345258.png
838010,03345260,당하는 시공사 관계자도 붕괴위험을 사전에 지적하며 보강공사를 수,03345260.png
838012,03345262,"추천한다. 야생 딸기의 향과 함께 계피, 생강 등 섬세한 향신료의 향이",03345262.png
838014,03345264,료원으로 옮겼으나 숨졌다. 해경과 소방서 등으로 이뤄진 구조대는,03345264.png
838015,03345265,니다. 검찰은 유죄 확정 시 범죄수익을 차질 없이 추징하기 위해 재산,03345265.png
838022,03345272,"하기때문에 꺼리는 것으로 풀이됐다. 노동사무소 관계자는 ""근로시간",03345272.png
838024,03345274,었지만 노사정위원회를 활성화하고 노동계 대표를 정책결정 과정에,03345274.png
838026,03345276,"서는 것 같은 인상을 국제적으로 주고 있다""면서 ""북한인권법을 제정",03345276.png
838027,03345277,한국노총도 법안 강행시 벌이기로 했던 노사정위 탈퇴와 대정부 투쟁,03345277.png
838034,03345284,검찰에 비공식적으로 자진귀국 의사를 타진한 적이있었으나 같은해,03345284.png
838036,03345286,는 것이 불가능하고 전입학을 하려면 어머니나 아버지의 주소가 해당,03345286.png
838048,03345298,당 소속 의원들이 다수인 경남도의회는 추경예산안 심의에서 모두 1,03345298.png
838056,03345306,"일 기자간담회를 열고 ""관련기관끼리 반목하기보다 서로 잘 협의해야",03345306.png
838067,03345317,이 박근혜 전 대통령 재산에 대한 동결 조치에 나섰습니다. 국정원으,03345317.png
838069,03345319,정책 우선순위를 두는 가운데 고용회복이 지속될 수 있는 방향으로,03345319.png
838070,03345320,검찰이 박근혜 전 대통령에 대한 재산 동결 조치를 취했습니다. 내곡,03345320.png
838078,03345328,다. 재정부와 한은간 정례회의는 1990년대 중반 국장급 수준의 통화,03345328.png
838084,03345334,계획이다. 무주군은 6월 3일부터 11일 9일간 청정지역에서만 볼 수,03345334.png
838089,03345339,"""이라며 정면 반박하는 등 인권법을 둘러싼 갈등이 여야 갈등을 넘어",03345339.png
838093,03345343,"로 알려졌다. 법무부 관계자는 ""C검사가 제출한 사표는 대검을 통해",03345343.png
838096,03345346,"일부 보도에 대해 ""사실이 아니다""라고 밝혔다. 김형곤은 14일 오후",03345346.png
838098,03345348,전 의원에게 3억원이 전달된 혐의를 포착하고 현 전 의원 주변 인사들,03345348.png
838099,03345349,"의하셔야겠습니다. 아침 기온은 서울 영하 6도, 광주 영하 2도로 오늘",03345349.png
838109,03345359,WONBIN'을 열어 팬들과 만난다. 약 5천여명의 팬들이 참석할 예정,03345359.png
838112,03345362,이는 방식을 택해 공장식 축산을 할 수 없다며 한정생산을 강점으로,03345362.png
838113,03345363,"것을 봤다""고 신고했다. 이씨는 ""휴가중에 술을 마시고 사고 지하철의",03345363.png
838115,03345365,와인을 곁들여 허한 심신에 활기를 불어넣어보면 어떨까. 복날 대표,03345365.png
838116,03345366,"""동반성장지수와 중소기업 적합업종 선정의 경우 사회적 파장이 크고",03345366.png
838117,03345367,동결에 나섰다고 밝혔습니다. 법원으로부터 추징보전 명령이 나오면,03345367.png
838131,03345381,"장경기록문화 테마파크 조성, 통영 국제음악당 건립, 김해 중소기업",03345381.png
838143,03345393,"표경기와 체감경기간 괴리에 대한 의견교환이 있었고, 서비스산업 경",03345393.png
838152,03345402,업공시를 총괄하는 부원장에는 박원호 부원장보가 각각 승진 임명될,03345402.png
838161,03345411,"일 기자간담회를 열고 ""관련기관끼리 반목하기보다 서로 잘 협의해야",03345411.png
838164,03345414,한국노총도 법안 강행시 벌이기로 했던 노사정위 탈퇴와 대정부 투쟁,03345414.png
838165,03345415,편과 동반자살을 결심한 뒤 딸(11)에게 극약을 먹여 숨지게 해살인,03345415.png
838171,03345421,"많겠고, 아침 기온은 영하 13도, 한낮엔 2도를 기록하겠는데요. 개막",03345421.png
838176,03345426,"을 하기 위한 최소한의 노력""이라고 주장했다. 또 ""민주당 등이 북한",03345426.png
838181,03345431,대할 계획이다.,03345431.png
838182,03345432,이 각각 생보검사국와 손보검사국으로 바뀌고 보험감독국이 분리된,03345432.png
838186,03345436,을 지켜보며법안 처리향방에 촉각을 곤두세웠다.,03345436.png
838191,03345441,"서 ""2003년 파업 때 공권력 투입을 계기로 참여정부의 노동정책이",03345441.png
838199,03345449,랄을 보충하는데 도움을 준다. 게다가 와인이 식욕을 돋워주기 때문,03345449.png
838200,03345450,블록패턴을 띄고 있다. 자동차가 눈길을 주행할 때 바퀴가 눈을 누르,03345450.png
838202,03345452,과 묶음으로 가야하기 때문에 집권당시 실책에 대한 면밀한 평가와,03345452.png
838206,03345456,로 정하고 추진했다. 이들 사업에 도는 사업당 200억 원을 한도로 20,03345456.png
838207,03345457,시한 결과다. 경북도와 구미시는 물론 가물막이 아래 준설공사를 담,03345457.png
838212,03345462,서울중앙지검 금융조세조사3부(부장검사 이중희)는 27일 박성훈 글,03345462.png
838219,03345469,로부터 36억여 원의 뇌물을 받은 혐의로 박 전 대통령을 재판에 넘긴,03345469.png
838222,03345472,톱스타 원빈이 오는 27일 일본 요코하마에서 자선 팬미팅을 연다. 원,03345472.png
838226,03345476,3건 25억7000여만원을 삭감했다. 여기에는 김 지사의 대표적인 공,03345476.png
838230,03345480,"계는 완전히 격폐될 것이며 그 어떤 내왕(왕래)도, 접촉도 이뤄지지",03345480.png
838231,03345481,"논의하는 것""이라고 선을 그었다. 앞서 정운찬 동반성장위원장은 29",03345481.png
838252,03345502,화를 추진하겠다고 밝 혔습니다. 평창 올림픽에 대해서는 88 올림픽,03345502.png
838255,03345505,대구지법 제 12형사부(재판장 김종필 부장판사)는 1일 생활고로 남,03345505.png
838257,03345507,"있다""고 말했다. 또한 안 팀장은 ""정부는 일본 정부에 일본군 위안부",03345507.png
838267,03345517,"을 감안해 집행유예를 선고한다""고 밝혔다. 노씨는 2003년 10월께",03345517.png
838269,03345519,구조된 구모(59)씨가 숨졌다. 구씨는 배와 육지를 로프를 연결해 구,03345519.png
838270,03345520,성가족위원회 소속 이자스민 의원은 '일본군 위안부 피해자들에게 법,03345520.png
838290,03345540,별법 적용을 받게 됩니다. 조원동 전 청와대 경제수석에 대한 재판은,03345540.png
838291,03345541,"은 ""이 두가지 과제를 풀고 난후 나머지 추가로 필요한 과제가 있으면",03345541.png
838294,03345544,로 소비자의 변화를 반영한 개발 및 마케팅에 열심이다.,03345544.png
838296,03345546,신청 업체는 전무한 것으로 나타났다. 17일 울산지방노동사무소에,03345546.png
838313,03345563,님으로 와 알게된 정모씨에게 부탁해 C군의 주소를 명일동 소재 정씨,03345563.png
838316,03345566,"사진을 위주로, 최근 일본 개봉 스케줄이 나온 원빈 주연의 '우리형'",03345566.png
838319,03345569,"서로 데려온 뒤 정확한 목격당시 상황, 불을 던진 남자와 용의자 윤씨",03345569.png
838320,03345570,"국이 신설되고, 일부 실이 국으로 승격돼 기능이 강화된다. 13일 금융",03345570.png
838321,03345571,"사 등 다른 사안과 연계 가능성까지 언급해 민주당의 반발을 샀고, 북",03345571.png
838322,03345572,"9월 중국전 한 골 차 진땀승을 시작으로, 조 최약체로 꼽히던 시리아",03345572.png
838326,03345576,을 철저하게 하셔야겠습니다. 현재 대부분 지역에 맑은 하늘이 드러,03345576.png
838332,03345582,"당 의원들이 ""어차피 내려줄 예산인데 도지사 생색내기로 전락했다""",03345582.png
838334,03345584,"중근 의사 단지 동맹비, 의거 현장인 중국 하얼빈 역, 재판장소인 관동",03345584.png
838337,03345587,"당히 강하게 불고 있습니다. 현재 동해안으로는 강풍 경보가, 그 밖에",03345587.png
838345,03345595,속할 수 있지만 본인이 사표를 낸 이상 소환 등에 응할 가능성이 적어,03345595.png
838347,03345597,원해 수색을 벌이고 있으나 아직 구체적인단서를 찾지 못했다. 한편,03345597.png
838348,03345598,"국어, 일본어반을 운영하고 있으며, 고급반인 어학 집중과정도 마련",03345598.png
838351,03345601,창 올림픽은 88올림픽 이후 성장과 발전을 전세계에 알리는 좋은 계,03345601.png
838371,03345621,방치해 사고를 자초했다는 지적을 받았다. 지난달 30일 새벽 낙동강,03345621.png
838373,03345623,불만과 불쾌감을 공개적으로 언급해 남북관계를 더욱 경색시키고 있,03345623.png
838383,03345633,"초 저질렀던 범죄보다 큰 사회적 비용이 들게 된다""고 말했다. 시민단",03345633.png
838384,03345634,고 있습니다. 화재 예방에 유의하셔야겠습니다. 내일은 전국에 구름,03345634.png
838388,03345638,서 높은 점수를 받아 가격대비 최고의 와인이다. 예로부터 임금님 보,03345638.png
838394,03345644,대피해 있다.,03345644.png
838409,03345659,계획이다. 무주군은 6월 3일부터 11일 9일간 청정지역에서만 볼 수,03345659.png
838412,03345662,을 위해폭동 가담자들을 엄벌해야 한다는 의견도 팽팽하다. 소셜 네,03345662.png
838414,03345664,"당히 강하게 불고 있습니다. 현재 동해안으로는 강풍 경보가, 그 밖에",03345664.png
838415,03345665,"""3.1절인 오늘은 어제와 달리 맑은 하늘이 드러나 있지만, 바람이 상",03345665.png
838438,03345688,이 과제가 국가 추진과제로 선정됐다. 이에 따라 오는 2014년을 목,03345688.png
838439,03345689,오리엔테이션 자리에서 16학번 한 남학생이 신입생 후배에게 16학번,03345689.png
838442,03345692,충격패를 당하며 조 2위 자리가 위태로워지기도 했습니다.시리아와,03345692.png
838444,03345694,"어지기를 바란다""고 말했다. 한편, 신한카드는 이날 차병원에 소아뇌",03345694.png
838445,03345695,"상득 전 의원과 정두언 의원 수사나 똑바로 하라""며 ""새누리당은 민간",03345695.png
838450,03345700,"수 있게 하고, 고객들은 위생처리를 거친 우유를 안심하고 마실 수 있",03345700.png
838458,03345708,선고됐다. 잉글랜드 체스터 지방법원이 페이스북에 폭동을 선동하는,03345708.png
838466,03345716,금융감독원이 금융서비스개선국을 신설하고 외환업무실을 외환감독,03345716.png
838467,03345717,다. 금감원은 이밖에 금융투자 권역에서도 감독 업무를 금투감독국으,03345717.png
838469,03345719,를 끌어올려 15억여원의 차익을 챙긴 혐의를 받고 있다. 2010년 2월,03345719.png
838474,03345724,"과 유럽 재정위기 등 불안요인이 크고 대내적으로는 물가불안, 가계",03345724.png
838482,03345732,"상득 전 의원과 정두언 의원 수사나 똑바로 하라""며 ""새누리당은 민간",03345732.png
838488,03345738,"드러났다. 한편 C군의 아버지는 ""아들을 강동구 소재 고교에 전입학",03345738.png
838490,03345740,그러지겠습니다. 바다의 물결은 동해상에서 최고 2.5미터까지 비교,03345740.png
838506,03345756,도 졸전 끝 무승부로 우즈베크와의 벼랑 끝 결전을 치러야 했습니다.,03345756.png
838514,03345764,양식으로 올라가던 '보양식의 제왕' 민어회에는 단연 최고 등급의 샤,03345764.png
838521,03345771,권에 따르면 금감원은 이같은 내용의 조직개편안을 마련하고 조만간,03345771.png
838525,03345775,겠습니다. 오늘 오후부터 날이 풀리며 활동하기가 한결 수월했는데요,03345775.png
838531,03345781,WONBIN'을 열어 팬들과 만난다. 약 5천여명의 팬들이 참석할 예정,03345781.png
838536,03345786,원정 4경기에서 1승도 거두지 못한 슈틸리케 감독은 결국 취임 2년 9,03345786.png
838541,03345791,"주 고등법원 순국장소인 뤼순 감옥 등 중국, 러시아의 안중근 의사가",03345791.png
838547,03345797,가 그치고 난 뒤에는 북서쪽에서 찬 공기가 유입되면서 바람이 강하,03345797.png
838548,03345798,법무부는 8일 프랑스의 열차 제작업체 로르 그룹의 로베르 로르 회장,03345798.png
838550,03345800,천건을 빼내 이 가운데 2천건을 지난 2월 20만원을 받고 판 혐의를,03345800.png
838553,03345803,"쟁력 강화 등 내수기반 강화가 필요하다""는 데 의견을 같이했다. 양",03345803.png
838554,03345804,"두봉씨는 ""행사 수익금 전액을 유니세프에 기부하기로 했다. 사진집",03345804.png
838555,03345805,고 있다. 야당과 시민사회단체들은 중형을 선고한 것은 지나치다고,03345805.png
838562,03345812,원을 직접 만나 돈을 건네지 않았을 가능성이 높다고 보고 현 전 의원,03345812.png
838564,03345814,"과 유럽 재정위기 등 불안요인이 크고 대내적으로는 물가불안, 가계",03345814.png
838566,03345816,한다. 주 부원장보와 박 부원장보 후임으로는 김영대 총무국장과 김,03345816.png
838571,03345821,고 있다. 대검찰청 중앙수사부(검사장 김홍일)가 부산저축은행그룹의,03345821.png
838575,03345825,술함을 여실히 드러냈다는 비판의 목소리가 높다. 5월 해평취수장의,03345825.png
838577,03345827,"무이다""고 말했다. 또 이주영 한나라당 정책위 의장은 민주당의 북한",03345827.png
838580,03345830,과 다르게 경영실적보고서를 작성해 높은 등급을 받았다. 이 덕분에,03345830.png
838581,03345831,"압기, 증기발생기 등을 갖추고 있어 다양한 모의시험이 가능하다.원",03345831.png
838583,03345833,여수에서는 현재 풍속이 초속 12.5미터로 관측되고 있고 대구 역시,03345833.png
838586,03345836,"본선행,이형원 기자가 되짚어봤습니다.월드컵 2차 예선 7전 전승으",03345836.png
838593,03345843,"서로 데려온 뒤 정확한 목격당시 상황, 불을 던진 남자와 용의자 윤씨",03345843.png
838595,03345845,법무부는 8일 프랑스의 열차 제작업체 로르 그룹의 로베르 로르 회장,03345845.png
838596,03345846,앙은행 독립성 훼손 논란이 있는 가운데 양 기관간 차관급 대화채널,03345846.png
838601,03345851,"주 고등법원 순국장소인 뤼순 감옥 등 중국, 러시아의 안중근 의사가",03345851.png
838605,03345855,"한다""는 취지의 발언을 한 바 있다.",03345855.png
838609,03345859,로 했던 민주노총은 오후 11시 투쟁본부회의를 열어 총파업 방침에,03345859.png
838617,03345867,"고 더 큰 사회 문제를 일으키는 원인이 될 것""이라며 ""결국 그들이 당",03345867.png
838621,03345871,"드러났다. 한편 C군의 아버지는 ""아들을 강동구 소재 고교에 전입학",03345871.png
838627,03345877,어가 있기 때문에 이 법안을 그대로 의결하면 민주당이 제기한 북한,03345877.png
838630,03345880,"다. 이에 따라 1차로 국내 직원 10여 명을 미국, 중국, 일본 등 해외 6",03345880.png
838634,03345884,"것""이라고 밝혔다.",03345884.png
838637,03345887,"예정이다. 최수현 수석부원장은 기획총괄, 소비자, 보험업무를 관할",03345887.png
838642,03345892,"겠습니다. 충남과 남부에 20에서 60mm, 수도권과 강원, 충북에는 5",03345892.png
838643,03345893,구조를 재개키로 했다. 한편 이날 좌초된 선박은 부산에서 석회석을,03345893.png
838655,03345905,J그룹 회장에게 그 뜻을 전달했다고 진술했습니다. KBS 뉴스 이현기,03345905.png
838656,03345906,다.,03345906.png
838657,03345907,어에서 주로 볼 수 있는 패턴으로 타이어 좌우로 홈이 패여 있는 모양,03345907.png
838658,03345908,"수의사로서 젖소의 스트레스와 건강을 관리하고 있다. 한편, 국내 우",03345908.png
838660,03345910,"다. 이 관계자는 이어 ""전입학 당시 오 교사가 전입학서류를 담당 교",03345910.png
838667,03345917,개국 8개 법인에 파견하기로 했다. 이외에도 대한통운은 다양한 사내,03345917.png
838670,03345920,한인권법을 놓고 팽팽하게 맞서는 동안 북한은 이같은 움직임에 대한,03345920.png
838675,03345925,마당 등을 선보일 계획이다. 남원에선 5월 6일부터 10일까지 문화체,03345925.png
838697,03345947,한 국방력을 기반으로 남북 대화와 평화를 추구해 가겠다고 말했습니,03345947.png
838711,03345961,"펴고 있다. 배은희 대변인은 16일 논평을 통해 ""북한인권법은 북한",03345961.png
838717,03345967,나타났습니다. 내일은 전국에 봄비가 내리면서 기온도 제자리를 되찾,03345967.png
838720,03345970,"하겠다""고 밝혔다. 이 대표는 ""선거를 코앞에 둔 제1야당 원내대표에",03345970.png
838722,03345972,법을 만들고 강력한 재정지원도 하고 또 탈북자들을 돌보는데 앞장,03345972.png
838728,03345978,사 사장은 연임이 유력한 것으로 알려졌다. 공기업 경영평가에서 A등,03345978.png
838729,03345979,"적 높게 일겠습니다. 기상정보였습니다.""",03345979.png
838730,03345980,받지 않았다고 했다가 나중에 500만원을 받았다고 인정했다. 그러나,03345980.png
838732,03345982,나섰으며 한국노총과 민주노총 간부들도 회의장 안팎에서 진행상황,03345982.png
838734,03345984,다. 북한은 최근 조선중앙통신과 노동신문 논평 등을 통해 북한인권,03345984.png
838739,03345989,정책에 대한 반성이 없다는 것이 민주노총 내부의 분위기다. 문 후보,03345989.png
838740,03345990,와인을 곁들여 허한 심신에 활기를 불어넣어보면 어떨까. 복날 대표,03345990.png
838742,03345992,권재진 청와대 민정수석에게 전화를 걸어 구명로비를 했다는 의혹을,03345992.png
838743,03345993,따라 비정규직법안 강행 처리시 24일 오전 8시부터 총파업을 벌이기,03345993.png
838746,03345996,대중공업 등 대기업 협력업체들이 모기업에 따라 불가피하게 근로시,03345996.png
838748,03345998,도록 하는 게 조합운영 방향이었다. 서울우유는 유통 전 과정이 냉장,03345998.png
838751,03346001,한 것으로 풀이된다. 보험 권역에서는 생보서비스국과 손보서비스국,03346001.png
838765,03346015,"난해 위기를 평화롭게 극복해 전 세계가 경이롭게 보고 있다면서, 평",03346015.png
838768,03346018,다. 감찰부는 C검사에 대해 진상규명을 위해 대검에 출석할 것을 통,03346018.png
838769,03346019,하는 점에 비춰 B고교의 전입학 시스템에 중대 허점이 있었던 사실도,03346019.png
838770,03346020,는 23일 법안심사소위를 열어 정부가 제출한 비정규직법안을 심사해,03346020.png
838771,03346021,안심사소위 회의실에는 민노당 의원들이 모두 나와 법안 심사 저지에,03346021.png
838772,03346022,년 가까이 끌어온 북한인권법을 이번 임시국회에서 반드시 처리하겠,03346022.png
838777,03346027,"보다 높겠고, 한낮에도 대부분 지역이 영상으로 오르면서 추위가 누",03346027.png
838783,03346033,기 정보를 확인하셔야겠습니다. 오늘 낮 최고 기온은 서울 2도 등 어,03346033.png
838795,03346045,불만과 불쾌감을 공개적으로 언급해 남북관계를 더욱 경색시키고 있,03346045.png
838796,03346046,있었으나 2003년부터 학부모의 실제 거주지는 서울 강남구 개포동,03346046.png
838806,03346056,정책 우선순위를 두는 가운데 고용회복이 지속될 수 있는 방향으로,03346056.png
838811,03346061,오늘 비교적 온화한 날씨가 이어지면서 활동하기 무난했습니다. 설,03346061.png
838815,03346065,검토 중이다. 부산저축은행 로비수사는 최고위층 인사로 확대되고 있,03346065.png
838821,03346071,"치내가 산 것으로 오해하고 있다""고 말했다. 그는 ""동생이 섬을 사기",03346071.png
838829,03346079,각종 모의시험 설비를 갖춘 원자력 서비스센터를 준공했다. 원자력,03346079.png
838835,03346085,21일 오후 5시 10분께 충북 영동군 양산면 가곡리 이모(57.농업)씨,03346085.png
838836,03346086,로 고용했으며 로르 회장은 2003년 이래 김 전회장을 최소 세 번 만,03346086.png
838842,03346092,많겠습니다. 남해안은 새벽부터 아침 사이에 눈 또는 비가 내리겠습,03346092.png
838844,03346094,"고 더 큰 사회 문제를 일으키는 원인이 될 것""이라며 ""결국 그들이 당",03346094.png
838847,03346097,21일 오후 5시 10분께 충북 영동군 양산면 가곡리 이모(57.농업)씨,03346097.png
838864,03346114,"초속 10미터 안팎, 서울 초속 4.6미터로 꽤 강합니다. 오늘 해안과 강",03346114.png
838878,03346128,부산저축은행그룹이 금융감독기관의 수장인 금감원장에게 로비를 벌,03346128.png
838881,03346131,"반성이 있어야 한다""고 말했다. 이에 대해 문 후보측 김경수 공보특보",03346131.png
838885,03346135,인 피고인이 잘못을 뉘우치며 정신적 후유증에 시달리고 있는 점 등,03346135.png
838899,03346149,"들이 일사불란하게 밀어붙였다""며 ""특정 정당의 횡포""라고 말했다.",03346149.png
838902,03346152,입을 비롯한 다양한 의혹이제기됨에 따라 이달 20일부터 C검사에 대,03346152.png
838904,03346154,"정권자였는데 이에 대한 사과가 우선""이라고 했다. 한편 문 후보와 김",03346154.png
838913,03346163,건이 발생했다. 21일 현지 언론에 따르면 강도단은 이날 새벽 훔친 트,03346163.png
838922,03346172,검찰에 비공식적으로 자진귀국 의사를 타진한 적이있었으나 같은해,03346172.png
838923,03346173,해 국제적으로 선도적 지위를 유지하는 것이 한민족으로서 우리의 의,03346173.png
838949,03346199,이후 밝혀온대로 검사 기능과 함께 소비자 보호 업무를 강화하기 위,03346199.png
838956,03346206,"부와 한은 간에 자료협조, 경제상황에 대한 의견교환 등 보다 긴밀한",03346206.png
838960,03346210,기관으로부터 9조2천억원의 사기대출을 받은 혐의 등으로 대검 중수,03346210.png
838962,03346212,"블리인 윌리엄 페브르 그랑크뤼 '레끌로'를 추천한다. 흰 과일, 꽃, 스",03346212.png
838968,03346218,사회적 합의에 기초해서 가야한다고 생각해 동반성장위원회를 만든,03346218.png
838969,03346219,"치내가 산 것으로 오해하고 있다""고 말했다. 그는 ""동생이 섬을 사기",03346219.png
838978,03346228,건섭 금투서비스국장이 각각 승진될 예정이다. 또 신한은행 감사로,03346228.png
838979,03346229,급을 받았기 때문이다. 하지만 감사원 감사결과 이는 평가기준과 다,03346229.png
838993,03346243,양구경찰서에 육군 모 사단에서 복무중인 사병 이모(22)씨가 112전,03346243.png
838995,03346245,빛바랜 영광입니다.YTN 이형원입니다.,03346245.png
839004,03346254,한 힘을 받는 차량에 적합하다. 요즘에는 리그와 래그형을 혼합한 형,03346254.png
839011,03346261,밝혔다. 박씨도 로비 자체를 부인하고 있다. 박씨는 부산저축은행에,03346261.png
839024,03346274,입국내역은 모두 보고를 받는데 김우중 전 회장에 대해서는 전혀 보,03346274.png
839029,03346279,고의 스파클링 와인이다. 대표적인 스테미너 음식으로 꼽히는 장어구,03346279.png
839034,03346284,법사위에 계류돼 있는 법안에 북한에 대한 인도적인 지원 내용이 들,03346284.png
839035,03346285,"달리 19m파일 대신 6m파일을 박았고, 가물막이 하류지역의 준설을",03346285.png
839048,03346298,총 내부에서는 썩 우호적이지 않았던 것으로 전해졌다. 이날 간담회,03346298.png
839053,03346303,정이다. 은행권역에서는 은행감독국이 신설되고 외환업무실이 외환,03346303.png
839057,03346307,서 주행을 할 수 있도록 한다. 또한 블록패턴의 트레드는 바퀴 압력에,03346307.png
839060,03346310,"옮기는 이석근 부원장보 후임에는 조영제 은행서비스국장이, 검사 전",03346310.png
839063,03346313,불 축제'를 연다.,03346313.png
839077,03346327,최중경 지식경제부 장관이 경기고 9년 선배인 정운찬 동반성장위원,03346327.png
839083,03346333,서는 등 사태가 갈수록 꼬여가고 있다. 한나라당은 전혀 다른 논리를,03346333.png
839086,03346336,"제협력국이 기획조정국, 총무국, 공보실과 함께 기획총괄 부문으로",03346336.png
839091,03346341,라 보험권역은 기존 2국 2실 체제에서 5개 국 체제로 대폭 확대될 예,03346341.png
839092,03346342,정교하고 잘 싸인 탄닌이 부드럽고도 쫄깃한 장어의 질감과 환상의,03346342.png
839097,03346347,치행위를 당장 그만두고 이명박 대통령의 불법대선자금에 연루된 이,03346347.png
839102,03346352,"책이 노동정책이다""라며 ""철저한 반성없이 잘해보겠다고 하지만 내",03346352.png
839115,03346365,"책이 노동정책이다""라며 ""철저한 반성없이 잘해보겠다고 하지만 내",03346365.png
839121,03346371,여수에서는 현재 풍속이 초속 12.5미터로 관측되고 있고 대구 역시,03346371.png
839155,03346405,"인 불법사찰 국정조사, 대통령 내곡동 사저부지 특검 등 19대 국회 개",03346405.png
839160,03346410,후배가 되는 것을 싫어하는 것을 보고 아내의 지인이 사는 강동구로,03346410.png
839161,03346411,"이훈규 차의과학대학 총장, 지훈상 분당차병원 병원장 등이 참석한",03346411.png
839176,03346426,"을 감안해 집행유예를 선고한다""고 밝혔다. 노씨는 2003년 10월께",03346426.png
839210,03346460,"반성이 있어야 한다""고 말했다. 이에 대해 문 후보측 김경수 공보특보",03346460.png
839211,03346461,"지고 있었더라도 출입국 직원이 못알아봤을리 없다""며 ""요인들의 출",03346461.png
839213,03346463,"한은 남한 국회의 이 같은 움직임을 ""정치적 도발""이라며 비난하고 나",03346463.png
839215,03346465,인 피고인이 잘못을 뉘우치며 정신적 후유증에 시달리고 있는 점 등,03346465.png
839221,03346471,라 보험권역은 기존 2국 2실 체제에서 5개 국 체제로 대폭 확대될 예,03346471.png
839225,03346475,휴가를 요청해 놓았으며 형사대를 이씨의 군부대에 보내 이씨를 경찰,03346475.png
839226,03346476,"자력 서비스센터 준공으로원자로 분해조립, 연료재장전 훈련 등을 실",03346476.png
839228,03346478,는 내용의 대자보가 나붙기도 했다.인하대와 인천지법에 따르면 인하,03346478.png
839231,03346481,"로 삭감됐는데도 정파적으로 몰고가는 것은 아집과 독선""이라고 말했",03346481.png
839234,03346484,"""모자이크 프로젝트 예산은 자체 모순점과 문제점, 비효율성을 이유",03346484.png
839239,03346489,가 그치고 난 뒤에는 북서쪽에서 찬 공기가 유입되면서 바람이 강하,03346489.png
839240,03346490,YEAR WONBIN'의 인기에 보답하기 위한 자리. 이에 원빈 측은 입장,03346490.png
839249,03346499,을 위해폭동 가담자들을 엄벌해야 한다는 의견도 팽팽하다. 소셜 네,03346499.png
839250,03346500,"트너""라며 ""우리 캠프에 민주노총을 대표할 수 있는 분을 노동본부장",03346500.png
839263,03346513,"국이 신설되고, 일부 실이 국으로 승격돼 기능이 강화된다. 13일 금융",03346513.png
839278,03346528,"나 있고 미세 먼지 농도도 보통 단계입니다. 하지만, 전남과 제주 지역",03346528.png
839281,03346531,지난 4월 성희롱 신고 접수 후 피해 학생 진술 조사와 가해 학생 대면,03346531.png
839284,03346534,인터넷을 차단했던 이집트 정부처럼 행동하려 한다고 비난했다. 폴,03346534.png
839287,03346537,로도 수강이 가능하다.,03346537.png
839317,03346567,"국노동연구원 한 연구위원은 ""참여정부가 신자유주의라는 흐름에서",03346567.png
839319,03346569,고생할 것으로 우려해 딸에게 극약을 먹여 숨지게 한 혐의로 구속기,03346569.png
839321,03346571,지 않는 것을 확인한 것으로 10일 알려졌다. 검찰은 조씨가 현 전 의,03346571.png
839323,03346573,양식으로 올라가던 '보양식의 제왕' 민어회에는 단연 최고 등급의 샤,03346573.png
839331,03346581,의해 생겨난 수분을 타이어 바깥쪽으로 잘 방출하면서 앞으로 나아갈,03346581.png
839337,03346587,결정적이기 때문이다. 조씨는 검찰 조사에서 정씨를 만났지만 돈은,03346587.png
839346,03346596,"서로 데려온 뒤 정확한 목격당시 상황, 불을 던진 남자와 용의자 윤씨",03346596.png
839349,03346599,대한 재검토와 향후대책을 논의하는 등 비상 대기상태에 들어갔다.,03346599.png
839364,03346614,와의 동일여부 등을 확인할 예정이다.,03346614.png
839368,03346618,조율하는 '거시정책실무협의회'를 구성하기로 했다. 물가안정과 고용,03346618.png
839369,03346619,"주 고등법원 순국장소인 뤼순 감옥 등 중국, 러시아의 안중근 의사가",03346619.png
839371,03346621,손 아나운서는 지인의 소개로 만난 장 씨와 1년여의 교제 끝에 결혼에,03346621.png
839384,03346634,님으로 와 알게된 정모씨에게 부탁해 C군의 주소를 명일동 소재 정씨,03346634.png
839387,03346637,지하철 7호선 방화사건을 수사중인 경기도 광명경찰서는 사건당일,03346637.png
839388,03346638,"과 함께 마시면 더욱 좋다. 열대과일의 풍미와 산도, 미네랄이 잘 살아",03346638.png
839390,03346640,정책 우선순위를 두는 가운데 고용회복이 지속될 수 있는 방향으로,03346640.png
839399,03346649,다. 두 사건 모두 상수도시설 관리에 대한 수자원공사의 안이함과 허,03346649.png
839402,03346652,위원장과의 악연도 화제였다. 두 사람의 악연은 지난 2003년 철도노,03346652.png
839411,03346661,도해 왔다. 영세한 낙농가가 조합을 통해 우유를 안정적으로 유통할,03346661.png
839415,03346665,동 자택과 1억 원짜리 수표 30장 등 모두 58억 원 규몹니다. CJ그룹,03346665.png
839419,03346669,의로 지난 21일 박씨를 구속했다.,03346669.png
839424,03346674,다. 하지만 민주노총은 아직 마음의 문을 열지 않았다. 참여정부 노동,03346674.png
839426,03346676,일본군 위안부 피해자에 대한 생활안정지원 및 기념사업 등에 관한,03346676.png
839431,03346681,받지 않았다고 했다가 나중에 500만원을 받았다고 인정했다. 그러나,03346681.png
839444,03346694,"의 대표주자로 국내에서도 인기를 누리고 있으며, 각종 와인 평가에",03346694.png
839446,03346696,역으로 지목하고 있는 '다이아몬드 아일랜드'에 포함돼 있어 이 같은,03346696.png
839447,03346697,도해 왔다. 영세한 낙농가가 조합을 통해 우유를 안정적으로 유통할,03346697.png
839454,03346704,영장을 청구했으며 긴급체포돼 수감 중인 은 전 위원을 이날 다시 불,03346704.png
839460,03346710,장은 위장전입 여부를 조사해 문제가 있으면 배정 자체를 취소해야,03346710.png
839468,03346718,다. 금감원은 이밖에 금융투자 권역에서도 감독 업무를 금투감독국으,03346718.png
839474,03346724,학생에 대한 성적 평가를 하기도 했다. 올해 2월에도 의예과 신입생,03346724.png
839475,03346725,"9월 중국전 한 골 차 진땀승을 시작으로, 조 최약체로 꼽히던 시리아",03346725.png
839480,03346730,시키기 위해 위장전입한 것은 사실이나 오씨의 도움을 받아 B고교에,03346730.png
839484,03346734,"사진을 위주로, 최근 일본 개봉 스케줄이 나온 원빈 주연의 '우리형'",03346734.png
839505,03346755,시키기 위해 위장전입한 것은 사실이나 오씨의 도움을 받아 B고교에,03346755.png
839509,03346759,을 철저하게 하셔야겠습니다. 현재 대부분 지역에 맑은 하늘이 드러,03346759.png
839510,03346760,어가 있기 때문에 이 법안을 그대로 의결하면 민주당이 제기한 북한,03346760.png
839513,03346763,어우러져 있는 그랑 마레농은 장어의 느끼한 맛을 잘 잡아준다. 또한,03346763.png
839517,03346767,생들이 전입학을 요청하면 시 교육청에서 학교를 배정하고 해당 학교,03346767.png
839523,03346773,"성장위를 다루었으며, 명확한 임무가 부여되어 있다""고 말했다. 그는",03346773.png
839526,03346776,"옮기는 이석근 부원장보 후임에는 조영제 은행서비스국장이, 검사 전",03346776.png
839527,03346777,"표경기와 체감경기간 괴리에 대한 의견교환이 있었고, 서비스산업 경",03346777.png
839535,03346785,이후 밝혀온대로 검사 기능과 함께 소비자 보호 업무를 강화하기 위,03346785.png
839538,03346788,"법무부 공보관은 ""김우중씨 명의로 된 한국 여권과 프랑스 여권을 모",03346788.png
839539,03346789,원해 수색을 벌이고 있으나 아직 구체적인단서를 찾지 못했다. 한편,03346789.png
839556,03346806,"체 호워드 리그의 앤드루 닐슨은 ""징역 4년형은 흉기로 상해를 입혔",03346806.png
839560,03346810,"일부 보도에 대해 ""사실이 아니다""라고 밝혔다. 김형곤은 14일 오후",03346810.png
839563,03346813,다. 한나라당은 북한인권법의 인권이라고 하는 말 속에는 민생의 개,03346813.png
839564,03346814,"위관계자도 ""김우중 전 회장 정도의 인물이라면 설령 위조여권을 가",03346814.png
839570,03346820,"습니다. 문 대통령은 또 평창 올림픽을 평화 올림픽으로 만들어, 북핵",03346820.png
839572,03346822,구조된 구모(59)씨가 숨졌다. 구씨는 배와 육지를 로프를 연결해 구,03346822.png
839574,03346824,"받고 있다. 권 수석은 전화 통화를 인정했고 ""일언지하에 거절했다""고",03346824.png
839575,03346825,"올린 것에 대해서는 지나친 중형""이라고 주장했다. 반면 공공의 안녕",03346825.png
839585,03346835,"로 삭감됐는데도 정파적으로 몰고가는 것은 아집과 독선""이라고 말했",03346835.png
839588,03346838,기관으로부터 9조2천억원의 사기대출을 받은 혐의 등으로 대검 중수,03346838.png
839595,03346845,결정적이기 때문이다. 조씨는 검찰 조사에서 정씨를 만났지만 돈은,03346845.png
839603,03346853,권에 따르면 금감원은 이같은 내용의 조직개편안을 마련하고 조만간,03346853.png
839610,03346860,소문이 확대된 것으로 보인다.,03346860.png
839612,03346862,기 정보를 확인하셔야겠습니다. 오늘 낮 최고 기온은 서울 2도 등 어,03346862.png
839615,03346865,"기관은 ""대내외 경제여건과 금융시장의 불확실성이 지속되는 만큼 정",03346865.png
839620,03346870,"정권자였는데 이에 대한 사과가 우선""이라고 했다. 한편 문 후보와 김",03346870.png
839621,03346871,WONBIN'을 열어 팬들과 만난다. 약 5천여명의 팬들이 참석할 예정,03346871.png
839622,03346872,다. 두 사건 모두 상수도시설 관리에 대한 수자원공사의 안이함과 허,03346872.png
839623,03346873,의 주변 인사들의 동선을 추적하는 것으로 전해졌다. 검찰은 현 의원,03346873.png
839625,03346875,크 서비스를 규제하는 방안을 검토하겠다고 밝혔다. 데일리뮤직 길인,03346875.png
839644,03346894,중소기업에 대해 근로시간 단축 지원금을 주고 있는데도 울산지역,03346894.png
839646,03346896,"함됐다. 경남도는 지역 균형발전을 위해 밀양 아리랑파크 조성, 창녕",03346896.png
839653,03346903,니다. 검찰은 유죄 확정 시 범죄수익을 차질 없이 추징하기 위해 재산,03346903.png
839654,03346904,"은 ""이 두가지 과제를 풀고 난후 나머지 추가로 필요한 과제가 있으면",03346904.png
839664,03346914,지거나 이러한 수분이 제대로 배출되지 못하면 차가 미끄러지게 된다,03346914.png
839677,03346927,4년형을 선고하는 것은 과도하다는 지적이다. 또 소셜 네트워크를 규,03346927.png
839680,03346930,"자유스럽지 못했지만 노동문제를 너무 기술적으로만 접근했다""며 """,03346930.png
839682,03346932,로 보여 개막식 행사에 참여하는 분들은 추위에 대비를 잘 해주셔야,03346932.png
839685,03346935,마당 등을 선보일 계획이다. 남원에선 5월 6일부터 10일까지 문화체,03346935.png
839692,03346942,간을 단축하고 있지만 정규직을 채용할 경우 고용을 계속 유지해야,03346942.png
839695,03346945,다. 금감원은 이밖에 금융투자 권역에서도 감독 업무를 금투감독국으,03346945.png
839697,03346947,년 가까이 끌어온 북한인권법을 이번 임시국회에서 반드시 처리하겠,03346947.png
839701,03346951,YEAR WONBIN'의 인기에 보답하기 위한 자리. 이에 원빈 측은 입장,03346951.png
839704,03346954,박 전 대통령은 재산 몰수와 추징 시효가 10년으로 늘어난 전두환 특,03346954.png
839708,03346958,"논의하는 것""이라고 선을 그었다. 앞서 정운찬 동반성장위원장은 29",03346958.png
839713,03346963,민주통합당 이해찬 대표는 1일 검찰의 박지원 원내대표에 대한 수사,03346963.png
839717,03346967,담 부원장보에는 신응호 기업금융개선국장이 임명될 것으로 알려졌,03346967.png
839720,03346970,시한 결과다. 경북도와 구미시는 물론 가물막이 아래 준설공사를 담,03346970.png
839721,03346971,으로 구성됐다. 탐방단은 3일 오후 4시 남산에 위치한 안중근 의사 기,03346971.png
839726,03346976,했습니다. 송수진 기자의 보도입니다. 리포트 문재인 대통령이 강력,03346976.png
839729,03346979,다. 문 대통령은 오늘 대한노인회 회장단과 가진 오찬에서 과거처럼,03346979.png
839734,03346984,조씨에게 줬다는 진술이 여러 정황을 통해 사실에 가깝다고 보고 있,03346984.png
839737,03346987,기 오렌지 등 풍부한 과실향과 튼튼한 구조감을 가진 캘리포니아 최,03346987.png
839741,03346991,횡단송수관로 누수발생사고도 인재다. 구미시는 5월 16일 문서로 낙,03346991.png
839751,03347001,"것""이라며 ""이 두 가지 임무에 가시적인 진전이 있기를 희망한다""고",03347001.png
839756,03347006,"러나 학교측은 당시 대부분의 학급이 정원 수준인 35, 36명이었으나",03347006.png
839760,03347010,도해 왔다. 영세한 낙농가가 조합을 통해 우유를 안정적으로 유통할,03347010.png
839763,03347013,"이유라도 합리화될수 없는 반인륜적 행위""라며 ""그러나 극도의 경제",03347013.png
839776,03347026,의를 자신이 뒤집어쓰지 않기 위해 3억원의 최종 종착지가 어딘지 지,03347026.png
839777,03347027,"멘델 전 변호사협회장은 ""두 젊음이가 실형을 살게 되면 일자리를 잃",03347027.png
839778,03347028,로웍스 대표(44 구속)와 공모해 주가조작으로 수십억대의 시세차익,03347028.png
839788,03347038,의뢰했기 때문에 필요할 경우 C검사는 참고인 자격으로 소환될 가능,03347038.png
839797,03347047,리도 있다.,03347047.png
839800,03347050,가운데 사랑나눔 협약을 체결했다. 이 협약에 따라 신한카드는 올해 7,03347050.png
839807,03347057,"을 비관, 스스로 목숨을 끊은 것으로 보고 정확한 사고 경위를 조사중",03347057.png
839810,03347060,"예상됩니다. 낮 기온은 서울 3도, 광주 8도, 부산은 10도까지 오르겠",03347060.png
839812,03347062,둥 번개가 치겠습니다. 비는 밤에 서쪽 지역부터 차차 그치겠습니다.,03347062.png
839815,03347065,대할 계획이다.,03347065.png
839816,03347066,생활고에 시달리다 남편과 동반자살을 하기로 한 뒤 혼자남는 딸이,03347066.png
839819,03347069,이러한 패턴은 소음이 작고 승차감도 좋기 때문에 포장로를 달리는,03347069.png
839823,03347073,개국 8개 법인에 파견하기로 했다. 이외에도 대한통운은 다양한 사내,03347073.png
839824,03347074,고 소개했다.,03347074.png
839830,03347080,한 힘을 받는 차량에 적합하다. 요즘에는 리그와 래그형을 혼합한 형,03347080.png
839832,03347082,건축학과를 졸업하고 현재중공업분야에서 해외 수출 업무를 전담하,03347082.png
839839,03347089,이들 중 15학번 남학생 9명은 주점에 후배 남학생들을 불러 동료 여,03347089.png
839840,03347090,부산저축은행그룹이 금융감독기관의 수장인 금감원장에게 로비를 벌,03347090.png
839852,03347102,"구하기 위해 신태용 감독이 긴급 투입됐지만,첫 경기였던 이란전에서",03347102.png
839881,03347131,제하는 것은 표현의 자유를 가로막을 뿐이며 정부가 반정부 시위 때,03347131.png
839885,03347135,"이 죽어갔다""며 ""문 후보는 당시 민정수석으로 공권력 집행의 최종 결",03347135.png
839899,03347149,대안으로 마련한 것으로 4대강사업을 반대해 온 김두관 지사에 대한,03347149.png
839910,03347160,가 훌륭하다.,03347160.png
839915,03347165,서울시 교육청 관계자 등은 20일 C군이 B고에 전입학한 작년 3월 가,03347165.png
839930,03347180,년께 독일에서 장협착증 수술을 받는등 건강이 악화돼 이듬해 1월께,03347180.png
839938,03347188,"""이라며 정면 반박하는 등 인권법을 둘러싼 갈등이 여야 갈등을 넘어",03347188.png
839946,03347196,트워크를 폭동의 도구라며 비난해 온 데이비드 캐머런 영국 총리는,03347196.png
839947,03347197,타깝다며 인성 교육을 더욱 강화하겠다고 밝혔다.학교 측은 이번 성,03347197.png
839951,03347201,와의 동일여부 등을 확인할 예정이다.,03347201.png
839953,03347203,에 이어 보수와 정비기술에서도 세계적 수준으로 도약하는 계기가 될,03347203.png
839954,03347204,"표경기와 체감경기간 괴리에 대한 의견교환이 있었고, 서비스산업 경",03347204.png
839964,03347214,"가 되길 바란다""며 ""앞으로도 이러한 뜻 깊은 행사들에 지속적으로 관",03347214.png
839966,03347216,이들 중 15학번 남학생 9명은 주점에 후배 남학생들을 불러 동료 여,03347216.png
839971,03347221,입국내역은 모두 보고를 받는데 김우중 전 회장에 대해서는 전혀 보,03347221.png
839979,03347229,각종 모의시험 설비를 갖춘 원자력 서비스센터를 준공했다. 원자력,03347229.png
839997,03347247,니다. 검찰은 유죄 확정 시 범죄수익을 차질 없이 추징하기 위해 재산,03347247.png
840006,03347256,했다.,03347256.png
840011,03347261,태가 많이 쓰이기도 한다. 반면 스노우 타이어 트레드는 깊이가 깊고,03347261.png
840014,03347264,m의 눈이 내리겠습니다. 내일 비가 오는 지역에서는 돌풍과 함께 천,03347264.png
840015,03347265,대는 대학본부 학생상벌위원회가 관련 절차에 따라 재심사를 하고 있,03347265.png
840017,03347267,니다. 날이 풀리면서 내일 오전에 미세먼지 농도가 높아질 수 있어 주,03347267.png
840021,03347271,의 주변 인사들의 동선을 추적하는 것으로 전해졌다. 검찰은 현 의원,03347271.png
840022,03347272,서 높은 점수를 받아 가격대비 최고의 와인이다. 예로부터 임금님 보,03347272.png
840026,03347276,"법무부 공보관은 ""김우중씨 명의로 된 한국 여권과 프랑스 여권을 모",03347276.png
840030,03347280,민주통합당 이해찬 대표는 1일 검찰의 박지원 원내대표에 대한 수사,03347280.png
840032,03347282,이들 중 15학번 남학생 9명은 주점에 후배 남학생들을 불러 동료 여,03347282.png
840038,03347288,법을 만들고 강력한 재정지원도 하고 또 탈북자들을 돌보는데 앞장,03347288.png
840052,03347302,안부 피해자들이 보다 적극적으로 자신의 명예와 존엄성을 지킬 수,03347302.png
840063,03347313,제하는 것은 표현의 자유를 가로막을 뿐이며 정부가 반정부 시위 때,03347313.png
840065,03347315,승용차를 이용해 은행을 차례로 털었다. 강도단은 사베 시의 경찰서,03347315.png
840070,03347320,한진중공업 김주익 열사와 두산중공업 배달호 열사 등 수많은 동지들,03347320.png
840071,03347321,을 챙긴 혐의(자본시장통합법 위반) 등으로 국제금융브로커 이 모씨,03347321.png
840079,03347329,한통운은 최근 어학능력과 국제 감각을 갖춘 '글로벌 인재 풀'을 강화,03347329.png
840080,03347330,지난 4월 성희롱 신고 접수 후 피해 학생 진술 조사와 가해 학생 대면,03347330.png
840082,03347332,채용할 경우 증원인력 1인당 월 50만원(올해 60만원)씩한시적으로,03347332.png
840084,03347334,랄을 보충하는데 도움을 준다. 게다가 와인이 식욕을 돋워주기 때문,03347334.png
840085,03347335,성적 언행으로 피해 여학생들이 느꼈을 성적 수치심과 인격적 모멸감,03347335.png
840093,03347343,"많겠고, 아침 기온은 영하 13도, 한낮엔 2도를 기록하겠는데요. 개막",03347343.png
840102,03347352,호사는 박 전 대통령의 현금 10억여 원도 보관 중입니다. 지금까지 드,03347352.png
840104,03347354,"해주지 않으면 주가조작 사실을 금융감독원에 신고하겠다""고 협박한",03347354.png
840107,03347357,"꼬이기 시작했다""며 ""문 후보도 그 부분에 대한 아쉬움을 얘기했고 최",03347357.png
840115,03347365,시키기 위해 위장전입한 것은 사실이나 오씨의 도움을 받아 B고교에,03347365.png
840116,03347366,"준화할 예정이며, 향후 산림복원 기술, 지반침하 방지기술 등으로 확",03347366.png
840118,03347368,희롱 사건으로 모두 21명의 가해 남학생들을 징계했다고 설명했다.,03347368.png
840119,03347369,실 자체를 부인하기는 어려워지고 어떤 식으로든 3억원의 행방을 언,03347369.png
840122,03347372,사사고가 발생해 구미시민들과 구미공단 입주업체들에게 큰 피해를,03347372.png
840126,03347376,밝혔다. 박씨도 로비 자체를 부인하고 있다. 박씨는 부산저축은행에,03347376.png
840134,03347384,신선함을 생명으로 하는 흰 우유의 새로운 기준을 제시했다. 젖소도,03347384.png
840135,03347385,2월 빙모상을 당했을 때도 부인 정희자씨만 입국했을뿐 김 전 회장은,03347385.png
840140,03347390,로 평년기온을 11도 가량 웃돌면서 5월 상순에 해당되는 고온현상이,03347390.png
840142,03347392,다. 북한은 최근 조선중앙통신과 노동신문 논평 등을 통해 북한인권,03347392.png
840146,03347396,"동강 횡단관로 사고시설 파손우려가 있다고 통보했고, 수회에 걸쳐",03347396.png
840150,03347400,지원하고 있으나 신청 업체가 한 곳도 없었다. 이는 현대자동차와 현,03347400.png
840155,03347405,리도 있다.,03347405.png
840158,03347408,이는 방식을 택해 공장식 축산을 할 수 없다며 한정생산을 강점으로,03347408.png
840162,03347412,"겠습니다. 충남과 남부에 20에서 60mm, 수도권과 강원, 충북에는 5",03347412.png
840171,03347421,채용할 경우 증원인력 1인당 월 50만원(올해 60만원)씩한시적으로,03347421.png
840174,03347424,"을 이용해 고객명단과 주민등록번호, 주소, 전화번호 등 개인정보 5",03347424.png
840175,03347425,다. 또 제재심의실은 국으로 격상된다. 이는 권혁세 금감원장이 취임,03347425.png
840177,03347427,"독립 투쟁을 위해 활동한 장소를 둘러본다. 또 고구려 유적지, 광개토",03347427.png
840188,03347438,끝에 확정됐습니다.감독 경질까지 겪어야 했던 대표팀의 상처 많은,03347438.png
840189,03347439,받지 않았다고 했다가 나중에 500만원을 받았다고 인정했다. 그러나,03347439.png
840194,03347444,"원 당시 합의를 이행하라""고 했다. 이 대표는 또 ""5년 동안 연평균 30",03347444.png
840198,03347448,"당대표 연설에서 ""정권 연장용 정치공작, 야당 죽이기 공작수사를 즉",03347448.png
840201,03347451,하기 위해 해외 직무파견 제도를 도입했다. 파견 대상은 대리급 근속,03347451.png
840205,03347455,"자유스럽지 못했지만 노동문제를 너무 기술적으로만 접근했다""며 """,03347455.png
840208,03347458,생인권법을 병합심사할 것을 주문하고 있다. 이 과정에서 한나라당은,03347458.png
840219,03347469,"을 하기 위한 최소한의 노력""이라고 주장했다. 또 ""민주당 등이 북한",03347469.png
840220,03347470,성마비 환자를 위해 1000만원을 전달했다.,03347470.png
840226,03347476,"자들의 명예가 훼손될 우려가 있는 사건들이 늘고 있다""며 ""일본군 위",03347476.png
840229,03347479,비 부담을 덜어주기 위해 주40시간제를앞당겨 시행하면서 정규직을,03347479.png
840231,03347481,문제 해결과 한반도 평화를 일구도록 노력하겠다고 약속했습니다. 지,03347481.png
840240,03347490,"무가 분리되면서 은행, 보험, 금융투자, 중소서민 등 각 권역별로 감독",03347490.png
840248,03347498,"면 그 압력 때문에 수분이 발생하게 되는데, 바퀴가 닫는 면적이 넓어",03347498.png
840249,03347499,최중경 지식경제부 장관이 경기고 9년 선배인 정운찬 동반성장위원,03347499.png
840253,03347503,소재로 한 '2011 고창 복분자 푸드페스티벌'을 개최해 축제의 계절에,03347503.png
840256,03347506,하기 위해 해외 직무파견 제도를 도입했다. 파견 대상은 대리급 근속,03347506.png
840259,03347509,"고발사건을 해결했다고 말한 것으로 기억하고 있다""고 주장했다. 그",03347509.png
840267,03347517,기관으로부터 9조2천억원의 사기대출을 받은 혐의 등으로 대검 중수,03347517.png
840268,03347518,학생에 대한 성적 평가를 하기도 했다. 올해 2월에도 의예과 신입생,03347518.png
840273,03347523,들이 법적 대응을 할 때 변호사가 수임료를 받지 않거나 자원봉사자,03347523.png
840274,03347524,전 의원에게 3억원이 전달된 혐의를 포착하고 현 전 의원 주변 인사들,03347524.png
840276,03347526,인성 교과목을 운영해 인성 및 인권 존중의 교육 환경을 조성해나가,03347526.png
840277,03347527,"예정이다. 최수현 수석부원장은 기획총괄, 소비자, 보험업무를 관할",03347527.png
840280,03347530,각종 모의시험 설비를 갖춘 원자력 서비스센터를 준공했다. 원자력,03347530.png
840281,03347531,"본선행,이형원 기자가 되짚어봤습니다.월드컵 2차 예선 7전 전승으",03347531.png
840285,03347535,휴가를 요청해 놓았으며 형사대를 이씨의 군부대에 보내 이씨를 경찰,03347535.png
840290,03347540,이다.,03347540.png
840296,03347546,고생할 것으로 우려해 딸에게 극약을 먹여 숨지게 한 혐의로 구속기,03347546.png
840304,03347554,글을 올렸다는 혐의로 기소된조던 블랙쇼(20)와 페리 서트클리프 키,03347554.png
840311,03347561,자원공사측에 건의했다. 하지만 수자원공사는 사고직전 가물막이 시,03347561.png
840313,03347563,로 평년기온을 11도 가량 웃돌면서 5월 상순에 해당되는 고온현상이,03347563.png
840321,03347571,"보했지만 C검사는 ""말미를 달라""며 출석을 미뤄온 것으로 알려졌다.",03347571.png
840326,03347576,대북 정책을 믿고 국론을 하나로 모아달라고 당부했습니다. KBS 뉴스,03347576.png
840330,03347580,"법무부 공보관은 ""김우중씨 명의로 된 한국 여권과 프랑스 여권을 모",03347580.png
840336,03347586,"것""이라고 밝혔다.",03347586.png
840340,03347590,다. 또 제재심의실은 국으로 격상된다. 이는 권혁세 금감원장이 취임,03347590.png
840346,03347596,"사 등 다른 사안과 연계 가능성까지 언급해 민주당의 반발을 샀고, 북",03347596.png
840348,03347598,금융실무협의회 이후 십수년만에 부활되는 것이다. 하지만 재정부가,03347598.png
840349,03347599,"을 비관, 스스로 목숨을 끊은 것으로 보고 정확한 사고 경위를 조사중",03347599.png
840350,03347600,"예정이다. 최수현 수석부원장은 기획총괄, 소비자, 보험업무를 관할",03347600.png
840356,03347606,"는 ""노동계가 기대가 컸던 데 반해 참여정부가 한계가 있었다는 점을",03347606.png
840363,03347613,진행된다. 이번 탐방은 롯데백화점의 '역사 바로 세우기'캠페인의 일,03347613.png
840367,03347617,집 창고에서 이씨의 동생(42. 6급 공무원)이 숨져있는 것을 이씨가,03347617.png
840368,03347618,"부와 한은 간에 자료협조, 경제상황에 대한 의견교환 등 보다 긴밀한",03347618.png
840369,03347619,대는 대학본부 학생상벌위원회가 관련 절차에 따라 재심사를 하고 있,03347619.png
840370,03347620,니다. 검찰은 유죄 확정 시 범죄수익을 차질 없이 추징하기 위해 재산,03347620.png
840372,03347622,"당히 강하게 불고 있습니다. 현재 동해안으로는 강풍 경보가, 그 밖에",03347622.png
840373,03347623,법사위에 계류돼 있는 법안에 북한에 대한 인도적인 지원 내용이 들,03347623.png
840379,03347629,"제 상황처럼 해볼 수 있게 돼정비 전문인력 양성은 물론, 새로운 정비",03347629.png
840385,03347635,건물에 총격을 가해 경찰의 관심을 다른 곳으로 유도한 뒤 50여명의,03347635.png
840388,03347638,들어오려한다면 변호인을통해 사전 조율을 했을텐데 그런 움직임이,03347638.png
840405,03347655,7호 객차에 앉아 졸고 있었는데 갑자기 주위가 시끄러워 눈을 떠 보,03347655.png
840408,03347658,사에게 넘겨준것으로 알고 있다. 원래 학생과 학부모는 함께 전입학,03347658.png
840410,03347660,"다""고 벼르고 있다. 민주당은 ""한나라당 법안은 보수단체 지원내용만",03347660.png
840420,03347670,"고받은 바 없다""고말했다. 대검 중수부도 김우중 전 회장이 사기대출",03347670.png
840422,03347672,비즈니스센터 건립 사업을 '경남 모자이크 프로젝트' 7대 선도사업으,03347672.png
840426,03347676,다. 검찰은 실제 로비가 이뤄졌는지 확인 중이며 김 전 원장의 소환을,03347676.png
840433,03347683,법사위에 계류돼 있는 법안에 북한에 대한 인도적인 지원 내용이 들,03347683.png
840445,03347695,률상담비나 소송비 등 정부 지원을 받을 수 있게 될 전망이다. 국회 여,03347695.png
840446,03347696,로 평년기온을 11도 가량 웃돌면서 5월 상순에 해당되는 고온현상이,03347696.png
840449,03347699,"한다""는 취지의 발언을 한 바 있다.",03347699.png
840454,03347704,구조를 재개키로 했다. 한편 이날 좌초된 선박은 부산에서 석회석을,03347704.png
840459,03347709,스틸 사진도 곁들여진다. '우리형'은 일본 UIP를 통해 5월 28일 일본,03347709.png
840465,03347715,"무이다""고 말했다. 또 이주영 한나라당 정책위 의장은 민주당의 북한",03347715.png
840470,03347720,"반성이 있어야 한다""고 말했다. 이에 대해 문 후보측 김경수 공보특보",03347720.png
840479,03347729,여수에서는 현재 풍속이 초속 12.5미터로 관측되고 있고 대구 역시,03347729.png
840482,03347732,가 훌륭하다.,03347732.png
840484,03347734,을 판단 기준으로 삼았다고 설명했다.학교 측은 피해 학생 인권 보호,03347734.png
840493,03347743,한 것으로 풀이된다. 보험 권역에서는 생보서비스국과 손보서비스국,03347743.png
840498,03347748,"로 삭감됐는데도 정파적으로 몰고가는 것은 아집과 독선""이라고 말했",03347748.png
840500,03347750,약인 '모자이크프로젝트사업'과 '인공습지조성사업' 관련 예산이 포,03347750.png
840504,03347754,기 정보를 확인하셔야겠습니다. 오늘 낮 최고 기온은 서울 2도 등 어,03347754.png
840509,03347759,유약하게 대화만 추구하지 않겠다며 이같이 말했다고 청와대가 밝혔,03347759.png
840511,03347761,"이 죽어갔다""며 ""문 후보는 당시 민정수석으로 공권력 집행의 최종 결",03347761.png
840512,03347762,입니다. 다만 제주도는 일요일 오후부터 다시 비가 오기 시작하겠습,03347762.png
840513,03347763,고 있는 추세라는 것이 회사 측 설명이다. 사이버 강의는 스마트폰으,03347763.png
840524,03347774,"않을 것""이라고 비난했다. 이에 대해 배은희 한나라당 대변인은 논평",03347774.png
840532,03347782,됐다 습지조성 용역예산 삭감 역시 김 지사가 남강댐물 부산공급의,03347782.png
840534,03347784,"계는 완전히 격폐될 것이며 그 어떤 내왕(왕래)도, 접촉도 이뤄지지",03347784.png
840535,03347785,과 다르게 경영실적보고서를 작성해 높은 등급을 받았다. 이 덕분에,03347785.png
840549,03347799,"주를 이뤄 북한을 자극만 할 뿐""이라며 자신들이 별도 제출한 북한민",03347799.png
840566,03347816,로 평년기온을 11도 가량 웃돌면서 5월 상순에 해당되는 고온현상이,03347816.png
840572,03347822,불 축제'를 연다.,03347822.png
840586,03347836,이들 중 15학번 남학생 9명은 주점에 후배 남학생들을 불러 동료 여,03347836.png
840592,03347842,문위원회'를 구성해 성 평등에 관한 전반적인 학교 정책을 논의할 예,03347842.png
840597,03347847,편과 동반자살을 결심한 뒤 딸(11)에게 극약을 먹여 숨지게 해살인,03347847.png
840601,03347851,"평취수장의 임시보 유실로 단수대란을 일으킨 데 이어, 2개월도 채 되",03347851.png
840605,03347855,화를 추진하겠다고 밝 혔습니다. 평창 올림픽에 대해서는 88 올림픽,03347855.png
840607,03347857,고 했다.,03347857.png
840614,03347864,성적 언행으로 피해 여학생들이 느꼈을 성적 수치심과 인격적 모멸감,03347864.png
840616,03347866,"발견, 경찰에 신고 했다. 이씨는 경찰에서 ""집에 돌아와 보니 함께 지",03347866.png
840618,03347868,이 박근혜 전 대통령 재산에 대한 동결 조치에 나섰습니다. 국정원으,03347868.png
840622,03347872,"정권자였는데 이에 대한 사과가 우선""이라고 했다. 한편 문 후보와 김",03347872.png
840640,03347890,싣고 동해항으로 향하던 중 엔진고장으로 표류 중 높은 파도에 좌초,03347890.png
840642,03347892,"두봉씨는 ""행사 수익금 전액을 유니세프에 기부하기로 했다. 사진집",03347892.png
840645,03347895,"우포늪 으뜸 명소 가꾸기, 산청 한방휴양체험특화도시 조성, 합천 대",03347895.png
840647,03347897,에서 30mm의 비가 예상됩니다. 기온이 낮은 강원 산지에는 최고 7c,03347897.png
840650,03347900,전 의원에게 3억원이 전달된 혐의를 포착하고 현 전 의원 주변 인사들,03347900.png
840651,03347901,구조를 재개키로 했다. 한편 이날 좌초된 선박은 부산에서 석회석을,03347901.png
840653,03347903,을 위해폭동 가담자들을 엄벌해야 한다는 의견도 팽팽하다. 소셜 네,03347903.png
840663,03347913,개별 노동정책이 성과를 내기 위해서는 산업정책이나 중소기업정책,03347913.png
840666,03347916,않도록 이중 삼중의 안전조치를 취하겠다고 약속했으나 지키지 못했,03347916.png
840670,03347920,"이 죽어갔다""며 ""문 후보는 당시 민정수석으로 공권력 집행의 최종 결",03347920.png
840676,03347926,"록 조심하셔야겠습니다. 아침 기온은 서울 영하 5도, 대구는 영하 3도",03347926.png
840680,03347930,와인을 곁들여 허한 심신에 활기를 불어넣어보면 어떨까. 복날 대표,03347930.png
840687,03347937,"입장을 발표하고, 사회적으로 손가락질받을 일이 학교에서 발생해 안",03347937.png
840689,03347939,를 끌어올려 15억여원의 차익을 챙긴 혐의를 받고 있다. 2010년 2월,03347939.png
840691,03347941,러난 박 전 대통령의 전 재산입니다. 검찰은 수표와 현금 등 40억여,03347941.png
840693,03347943,추가로 확보해 조사중이다. 경찰에 따르면 5일 밤 9시51분께 강원도,03347943.png
840695,03347945,한 말맞추기라고 판단한 검찰은 즉각 조씨에 대한 사전 구속영장을,03347945.png
840696,03347946,안부 피해자들이 보다 적극적으로 자신의 명예와 존엄성을 지킬 수,03347946.png
840699,03347949,채용할 경우 증원인력 1인당 월 50만원(올해 60만원)씩한시적으로,03347949.png
840712,03347962,검찰에 비공식적으로 자진귀국 의사를 타진한 적이있었으나 같은해,03347962.png
840714,03347964,대구지법 제 12형사부(재판장 김종필 부장판사)는 1일 생활고로 남,03347964.png
840715,03347965,"달리 19m파일 대신 6m파일을 박았고, 가물막이 하류지역의 준설을",03347965.png
840717,03347967,3건 25억7000여만원을 삭감했다. 여기에는 김 지사의 대표적인 공,03347967.png
840726,03347976,"야 하기 때문에 신규 채용을 꺼리는 것 같다""고 말했다.",03347976.png
840728,03347978,"위관계자도 ""김우중 전 회장 정도의 인물이라면 설령 위조여권을 가",03347978.png
840735,03347985,의할 예정이라고 8일 밝혔다. 이 의원이 밝힌 개정안 내용은 '일제하,03347985.png
840736,03347986,"의 대표주자로 국내에서도 인기를 누리고 있으며, 각종 와인 평가에",03347986.png
840739,03347989,로웍스 대표(44 구속)와 공모해 주가조작으로 수십억대의 시세차익,03347989.png
840744,03347994,r) 제도로 이어졌다. 밀크마스터는 서울우유에만 있는 젖소 전문 지정,03347994.png
840746,03347996,"행 검사국, 특수은행 검사국, 저축은행 검사 1, 2국을 총괄하도록 했",03347996.png
840757,03348007,"것""이라며 ""이 두 가지 임무에 가시적인 진전이 있기를 희망한다""고",03348007.png
840760,03348010,겠습니다. 오늘 오후부터 날이 풀리며 활동하기가 한결 수월했는데요,03348010.png
840767,03348017,"지만 아들의 답안지 작성에 관여한 일이 없다""며 결백을 주장한 것으",03348017.png
840768,03348018,불러왔다. 수자원공사는 지난 5월 사고 당시 다시는 사고가 발생하지,03348018.png
840770,03348020,뒤 취한 조칩니다. 법원에 청구한 동결 대상 재산은 28억 원에 매입한,03348020.png
840774,03348024,있어 매운 맛을 상쇄시켜 준다. 킴 크로포드는 뉴질랜드 소비뇽 블랑,03348024.png
840780,03348030,"신랑에 대해""상대방을 배려할 줄 아는 넉넉한 인품과 방송일을 잘 이",03348030.png
840793,03348043,국정원 뇌물 사건을 맡은 유영하 변호사가 보관하고 있습니다. 유 변,03348043.png
840794,03348044,한 힘을 받는 차량에 적합하다. 요즘에는 리그와 래그형을 혼합한 형,03348044.png
840807,03348057,"기가 될 거라고 전망했습니다. 문 대통령은 어르신 정책과 관련해선,",03348057.png
840813,03348063,술함을 여실히 드러냈다는 비판의 목소리가 높다. 5월 해평취수장의,03348063.png
840815,03348065,내곡동 자택과 1억 원짜리 수표 30장입니다. 수표는 박 전 대통령의,03348065.png
840817,03348067,을 유보한채 국회의 처리 방향을 예의 주시키로 했다. 이날 환노위 법,03348067.png
840830,03348080,"10조원을 합치면 30조원이 된다""고 밝혔다.",03348080.png
840831,03348081,반면 예산삭감을 주도한 도의회 한나라당 원내대표인 김오영 의원은,03348081.png
840842,03348092,해관리공단은 지난 1월 지식경제부 기술표준원의 12년 국가표준기,03348092.png
840844,03348094,"지고 있었더라도 출입국 직원이 못알아봤을리 없다""며 ""요인들의 출",03348094.png
840845,03348095,족 전체가서울 강동구 명일동으로 주소를 옮긴 것으로 서류에 기재돼,03348095.png
840846,03348096,"장인 이목희 열린우리당 의원은 ""국회 절차법에 따라 법안을심사할",03348096.png
840852,03348102,조원이면 경제협력개발기구(OECD) 국가들이 실시하는 최소한의 보,03348102.png
840853,03348103,지 않는 것을 확인한 것으로 10일 알려졌다. 검찰은 조씨가 현 전 의,03348103.png
840857,03348107,한나라당의 '역공'으로 풀이된다. 김 지사측은 한나라당 차원의 의도,03348107.png
840861,03348111,했다.,03348111.png
840864,03348114,니다. 날이 풀리면서 내일 오전에 미세먼지 농도가 높아질 수 있어 주,03348114.png
840867,03348117,"참여시켰는데 지금은(이명박정부는) 그런 의지가 전혀 없다""며 ""지금",03348117.png
840876,03348126,"된다""고 말했다. 대검 감찰부는 시험답안 대리작성과 관련해 위장전",03348126.png
840879,03348129,차량에 많이 쓰인다. 반면 래그형 은 트럭이나 버스에 장착되는 타이,03348129.png
840880,03348130,침이다. 한편 금감원은 이에 앞서 새로운 임원진을 사실상 확정했다.,03348130.png
840884,03348134,를 끌어올려 15억여원의 차익을 챙긴 혐의를 받고 있다. 2010년 2월,03348134.png
840885,03348135,"공동브리핑에서 ""우리 경제가 수출 호조와 고용 개선 등에 힘입어 잠",03348135.png
840886,03348136,의 집으로 옮기도록 주선했다는 일부 언론의 보도를 전면 부인한 것,03348136.png
840887,03348137,각종 모의시험 설비를 갖춘 원자력 서비스센터를 준공했다. 원자력,03348137.png
840894,03348144,"던 것은 협동조합이라는 체재 안에서 조합원, 임직원, 고객이 공동으",03348144.png
840897,03348147,나타났습니다. 내일은 전국에 봄비가 내리면서 기온도 제자리를 되찾,03348147.png
840898,03348148,안부 피해자들이 보다 적극적으로 자신의 명예와 존엄성을 지킬 수,03348148.png
840900,03348150,"당 의원들이 ""어차피 내려줄 예산인데 도지사 생색내기로 전락했다""",03348150.png
840902,03348152,대는 대학본부 학생상벌위원회가 관련 절차에 따라 재심사를 하고 있,03348152.png
840903,03348153,"고 인터넷 카페에 글을 올려 돈을 받고 팔았다""고 말했다.",03348153.png
840916,03348166,"당 의원들이 ""어차피 내려줄 예산인데 도지사 생색내기로 전락했다""",03348166.png
840935,03348185,됐으나 현재 숨진 구씨를 제외한 나머지 선원 6명은 모두 안전한 곳에,03348185.png
840945,03348195,"""며 ""600억원에 이르는 외자 유치를 한다고까지 부풀려져 황당하다""",03348195.png
840948,03348198,"해해주는 세심함에 반했다""면서 ""소울 메이트처럼 천생연분이라 느",03348198.png
840959,03348209,이다.,03348209.png
840962,03348212,횡단송수관로 누수발생사고도 인재다. 구미시는 5월 16일 문서로 낙,03348212.png
840970,03348220,생인권법을 병합심사할 것을 주문하고 있다. 이 과정에서 한나라당은,03348220.png
840973,03348223,"서로 데려온 뒤 정확한 목격당시 상황, 불을 던진 남자와 용의자 윤씨",03348223.png
840974,03348224,문제 해결과 한반도 평화를 일구도록 노력하겠다고 약속했습니다. 지,03348224.png
840980,03348230,"""나흘 간의 설 연휴가 시작됐습니다. 연휴 첫 날, 잘 보내고 계신가요?",03348230.png
840981,03348231,"법무부 공보관은 ""김우중씨 명의로 된 한국 여권과 프랑스 여권을 모",03348231.png
840983,03348233,조되는 과정에서 높은 파도로 많은 물을마셔 의식불명 상태로 삼척의,03348233.png
840997,03348247,에 대해 구속영장을 청구했다. 검찰에 따르면 이씨는 2009년 10월,03348247.png
841000,03348250,의 집으로 옮기도록 주선했다는 일부 언론의 보도를 전면 부인한 것,03348250.png
841016,03348266,"낄 정도다. 언제나 같이 있으면 재미있고 유쾌한 사람""이라고 말했다.",03348266.png
841017,03348267,"혔다. C검사는 ""아들이 각종 의혹들로 인해 시달리고 있어 사표를 냈",03348267.png
841018,03348268,"적 높게 일겠습니다. 기상정보였습니다.""",03348268.png
841031,03348281,"습니다. 문 대통령은 또 평창 올림픽을 평화 올림픽으로 만들어, 북핵",03348281.png
841032,03348282,오씨 학급만 공교롭게도 34명이어서 C군이 이 학급에 배정됐다고 해,03348282.png
841048,03348298,속할 수 있지만 본인이 사표를 낸 이상 소환 등에 응할 가능성이 적어,03348298.png
841051,03348301,"니, 33년 만에 카타르에 지면서 8차전은 도하 참사로 기록됐습니다.",03348301.png
841052,03348302,"보다 높겠고, 한낮에도 대부분 지역이 영상으로 오르면서 추위가 누",03348302.png
841054,03348304,전해졌다.,03348304.png
841061,03348311,외은지점감독실이 신설된다. 중소서민금융 권역에서는 여신전문서,03348311.png
841065,03348315,"내세웠다. 남양, 매일, 빙그레 등 주식회사들도 빠른 의사결정을 무기",03348315.png
841069,03348319,"보다 높겠고, 한낮에도 대부분 지역이 영상으로 오르면서 추위가 누",03348319.png
841070,03348320,대는 대학본부 학생상벌위원회가 관련 절차에 따라 재심사를 하고 있,03348320.png
841072,03348322,조율하는 '거시정책실무협의회'를 구성하기로 했다. 물가안정과 고용,03348322.png
841078,03348328,"는 ""노동계가 기대가 컸던 데 반해 참여정부가 한계가 있었다는 점을",03348328.png
841079,03348329,소됐다.,03348329.png
841084,03348334,났는데 회동 장소 중 한 곳이 서울이었다고 전했다. 1999년 10월 출,03348334.png
841107,03348357,"날씨정보 전해드렸습니다.""",03348357.png
841108,03348358,사에게 넘겨준것으로 알고 있다. 원래 학생과 학부모는 함께 전입학,03348358.png
841110,03348360,"한 규정에 따라 조사위원회, 성등평등위원회, 의과대 학생상벌위원회",03348360.png
841111,03348361,하고 있다고 밝혔다.인하대는 성희롱성폭력성차별 예방과 처리에 관,03348361.png
841112,03348362,"황토현 동학축제'를 통해 1박2일 황토현숙영캠프, 동학농민혁명군",03348362.png
841115,03348365,반면 예산삭감을 주도한 도의회 한나라당 원내대표인 김오영 의원은,03348365.png
841122,03348372,과 묶음으로 가야하기 때문에 집권당시 실책에 대한 면밀한 평가와,03348372.png
841131,03348381,"평취수장의 임시보 유실로 단수대란을 일으킨 데 이어, 2개월도 채 되",03348381.png
841132,03348382,다. 금감원은 이밖에 금융투자 권역에서도 감독 업무를 금투감독국으,03348382.png
841137,03348387,"종 선정 등 이 두가지로 한정돼 있다""며 ""(내가 경제수석시절에)동반",03348387.png
841141,03348391,한나라당의 '역공'으로 풀이된다. 김 지사측은 한나라당 차원의 의도,03348391.png
841142,03348392,성적 언행으로 피해 여학생들이 느꼈을 성적 수치심과 인격적 모멸감,03348392.png
841147,03348397,가 그치고 난 뒤에는 북서쪽에서 찬 공기가 유입되면서 바람이 강하,03348397.png
841149,03348399,최중경 지식경제부 장관이 경기고 9년 선배인 정운찬 동반성장위원,03348399.png
841153,03348403,"종합 서비스센터 설립은 필수적인 과제였다""면서 ""원전 주기기 제작",03348403.png
841155,03348405,보를 빼내 판매한 혐의(정보통신망이용촉진 및 정보보호에 관한 법률,03348405.png
841161,03348411,00만원을 받은 혐의(특경가법상 알선수재)로 은 전 위원에 대해 구속,03348411.png
841165,03348415,골인하게 됐다. 예비 신랑은 1살 연상의 사업가 장모(32)씨로 고대,03348415.png
841166,03348416,조씨와 현 의원이 돈의 규모와 성격을 '3억원이 아니라 활동비 명목,03348416.png
841169,03348419,"무이다""고 말했다. 또 이주영 한나라당 정책위 의장은 민주당의 북한",03348419.png
841170,03348420,고 했다.,03348420.png
841177,03348427,"를 중단하면 10조원이 줄고, 연간 예산증가율로 마련되는 추가 재원",03348427.png
841185,03348435,"술력 향상사업에 광해방지기술의 KS 및 ISO 인증을 신규 제안했으며,",03348435.png
841188,03348438,로도 수강이 가능하다.,03348438.png
841197,03348447,"과 축제 주점 등지에서 같은 과 여학생들을 언급하며 성희롱을 했고,",03348447.png
841202,03348452,인성 교과목을 운영해 인성 및 인권 존중의 교육 환경을 조성해나가,03348452.png
841203,03348453,"멘델 전 변호사협회장은 ""두 젊음이가 실형을 살게 되면 일자리를 잃",03348453.png
841218,03348468,"상득 전 의원과 정두언 의원 수사나 똑바로 하라""며 ""새누리당은 민간",03348468.png
841224,03348474,된다. 고무에 카본블랙주1을 섞은 일반타이어는 날씨가 추워질수록,03348474.png
841230,03348480,한다. 주 부원장보와 박 부원장보 후임으로는 김영대 총무국장과 김,03348480.png
841232,03348482,불러왔다. 수자원공사는 지난 5월 사고 당시 다시는 사고가 발생하지,03348482.png
841235,03348485,"신 일자리 예산을 늘려 일자리 4만 7천 개를 새로 만들고, 보건소마다",03348485.png
841251,03348501,혐의로 기소된 노모(38.여)씨에 대해 징역 3년에 집행유예 5년을 선,03348501.png
841257,03348507,한 감찰조사를 진행하고 있지만 이번 사표가 수리되면 감찰은 정지된,03348507.png
841260,03348510,적 코리코 303호(860t급)의 선원 7명 가운데 이날 오후 7시 40분께,03348510.png
841261,03348511,받고 직장에서 직위해제 됐다는 가족들의 말에따라 숨진 이씨가 신변,03348511.png
841265,03348515,다. 금감원은 이밖에 금융투자 권역에서도 감독 업무를 금투감독국으,03348515.png
841266,03348516,주민의 인권을 실질적으로 증진하고 국제적 기준에 따라 인도적 지원,03348516.png
841281,03348531,천건을 빼내 이 가운데 2천건을 지난 2월 20만원을 받고 판 혐의를,03348531.png
841291,03348541,횡단송수관로 누수발생사고도 인재다. 구미시는 5월 16일 문서로 낙,03348541.png
841295,03348545,"도록 모든 노력을 아끼지 않을 것""이라고 주장했다. 이에 앞서 지난 1",03348545.png
841296,03348546,"벌위원회의 징계 의결에 불복, 의과대에 이의를 제기한 상태다.인하",03348546.png
841299,03348549,한다. 주 부원장보와 박 부원장보 후임으로는 김영대 총무국장과 김,03348549.png
841301,03348551,외은지점감독실이 신설된다. 중소서민금융 권역에서는 여신전문서,03348551.png
841311,03348561,"전혀 없었다""고 말했다. 앞서 프랑스 일간 리베라시옹은 로르 회장의",03348561.png
841315,03348565,"""이라며 정면 반박하는 등 인권법을 둘러싼 갈등이 여야 갈등을 넘어",03348565.png
841319,03348569,타깝다며 인성 교육을 더욱 강화하겠다고 밝혔다.학교 측은 이번 성,03348569.png
841322,03348572,기관으로부터 9조2천억원의 사기대출을 받은 혐의 등으로 대검 중수,03348572.png
841327,03348577,시한 결과다. 경북도와 구미시는 물론 가물막이 아래 준설공사를 담,03348577.png
841328,03348578,"오후 10시30분께 ""오늘은 소위를 열지않고 내일 오전 10시에 여야",03348578.png
841332,03348582,당하는 시공사 관계자도 붕괴위험을 사전에 지적하며 보강공사를 수,03348582.png
841333,03348583,자를 목격한 사실을 확인했다. 경찰은 이씨의 군부대에 이씨의 특별,03348583.png
841335,03348585,"""동반성장위원회를 구성한 목적은 동반성장지수와 중소기업 적합업",03348585.png
841343,03348593,러난 박 전 대통령의 전 재산입니다. 검찰은 수표와 현금 등 40억여,03348593.png
841344,03348594,밝혔다. 박씨도 로비 자체를 부인하고 있다. 박씨는 부산저축은행에,03348594.png
841345,03348595,스틸 사진도 곁들여진다. '우리형'은 일본 UIP를 통해 5월 28일 일본,03348595.png
841348,03348598,비 부담을 덜어주기 위해 주40시간제를앞당겨 시행하면서 정규직을,03348598.png
841350,03348600,"쟁력 강화 등 내수기반 강화가 필요하다""는 데 의견을 같이했다. 양",03348600.png
841360,03348610,신청 업체는 전무한 것으로 나타났다. 17일 울산지방노동사무소에,03348610.png
841368,03348618,감이 좋고 시원하게 마실 수 있는 화이트 와인이 좋다. 특히 시원한 스,03348618.png
841370,03348620,차량에 많이 쓰인다. 반면 래그형 은 트럭이나 버스에 장착되는 타이,03348620.png
841373,03348623,나타났습니다. 내일은 전국에 봄비가 내리면서 기온도 제자리를 되찾,03348623.png
841374,03348624,불이 난 객차에서 '어떤 남자가 불을 던지는 것을 보았다'는 목격자를,03348624.png
841377,03348627,생들이 전입학을 요청하면 시 교육청에서 학교를 배정하고 해당 학교,03348627.png
841381,03348631,권에 따르면 금감원은 이같은 내용의 조직개편안을 마련하고 조만간,03348631.png
841382,03348632,겠습니다. 서해와 남해안에서는 짙은 안개를 주의하셔야겠습니다. 비,03348632.png
841383,03348633,금융실무협의회 이후 십수년만에 부활되는 것이다. 하지만 재정부가,03348633.png
841394,03348644,500만원이 아닌 3억원을 받은 혐의로 구속되면 더 이상 금품수수 사,03348644.png
841397,03348647,검토 중이다. 부산저축은행 로비수사는 최고위층 인사로 확대되고 있,03348647.png
841398,03348648,기 위해 필사적으로 로비를 벌였고 그 과정에서 일부 고위층 인사들,03348648.png
841407,03348657,두산중공업(사장 박지원)은 25일경남 창원공장에서 실물 원자로와,03348657.png
841409,03348659,박 전 대통령은 재산 몰수와 추징 시효가 10년으로 늘어난 전두환 특,03348659.png
841415,03348665,모돼 이행됐을 가능성이 높다는 의혹이 제기됐다. 이 밖에 해외 유학,03348665.png
841416,03348666,"념이 충분히 반영돼 있다고 본다""고 주장했다. 또 ""외통위를 통과해서",03348666.png
841421,03348671,"을 감안해 집행유예를 선고한다""고 밝혔다. 노씨는 2003년 10월께",03348671.png
841422,03348672,한 힘을 받는 차량에 적합하다. 요즘에는 리그와 래그형을 혼합한 형,03348672.png
841432,03348682,"운영할 필요가 있다는 데 공감했다""며 ""특히 수출과 내수간 격차, 지",03348682.png
841433,03348683,"0일 열린 당정협의에서 황우여 원내대표는 ""북한을 돕자, 북한 인권",03348683.png
841434,03348684,로비를 맡았던 금융브로커 윤 모씨가 은진수 전 감사원 감사위원을,03348684.png
841438,03348688,보를 빼내 판매한 혐의(정보통신망이용촉진 및 정보보호에 관한 법률,03348688.png
841441,03348691,국으로 확대 개편하는 등 조직을 대폭 확대한다. 특히 감독과 검사업,03348691.png
841444,03348694,을 챙긴 혐의(자본시장통합법 위반) 등으로 국제금융브로커 이 모씨,03348694.png
841451,03348701,로부터 36억여 원의 뇌물을 받은 혐의로 박 전 대통령을 재판에 넘긴,03348701.png
841452,03348702,로도 수강이 가능하다.,03348702.png
841453,03348703,"표로 광해방지 기술 중 오염토양 복원기술, 광산배수 처리기술을 표",03348703.png
841459,03348709,로웍스 대표(44 구속)와 공모해 주가조작으로 수십억대의 시세차익,03348709.png
841461,03348711,태가 많이 쓰이기도 한다. 반면 스노우 타이어 트레드는 깊이가 깊고,03348711.png
841466,03348716,적하고 있다. 7조원대의 금융비리를 저지른 부산저축은행이 살아남,03348716.png
841476,03348726,"일부 보도에 대해 ""사실이 아니다""라고 밝혔다. 김형곤은 14일 오후",03348726.png
841477,03348727,부에 기소중지된 상태다. 5년 넘게 해외체류 중인 김 전 회장은 2002,03348727.png
841480,03348730,"6월 10일부터는 고창 특산물인 복분자와 풍천장어, 수박과 옥수수를",03348730.png
841482,03348732,"일부 보도에 대해 ""사실이 아니다""라고 밝혔다. 김형곤은 14일 오후",03348732.png
841491,03348741,"펴고 있다. 배은희 대변인은 16일 논평을 통해 ""북한인권법은 북한",03348741.png
841492,03348742,"제협력국이 기획조정국, 총무국, 공보실과 함께 기획총괄 부문으로",03348742.png
841506,03348756,붙였다. 오씨는 평소 자신이 운영하는 서울 우이동의 식당에 단골손,03348756.png
841515,03348765,정책에 대한 반성이 없다는 것이 민주노총 내부의 분위기다. 문 후보,03348765.png
841518,03348768,"본선행,이형원 기자가 되짚어봤습니다.월드컵 2차 예선 7전 전승으",03348768.png
841521,03348771,500만원이 아닌 3억원을 받은 혐의로 구속되면 더 이상 금품수수 사,03348771.png
841529,03348779,"압기, 증기발생기 등을 갖추고 있어 다양한 모의시험이 가능하다.원",03348779.png
841539,03348789,과 묶음으로 가야하기 때문에 집권당시 실책에 대한 면밀한 평가와,03348789.png
841551,03348801,로웍스 대표(44 구속)와 공모해 주가조작으로 수십억대의 시세차익,03348801.png
841561,03348811,"입장을 발표하고, 사회적으로 손가락질받을 일이 학교에서 발생해 안",03348811.png
841564,03348814,"""동반성장지수와 중소기업 적합업종 선정의 경우 사회적 파장이 크고",03348814.png
841567,03348817,전 의원에게 3억원이 전달된 혐의를 포착하고 현 전 의원 주변 인사들,03348817.png
841575,03348825,는 내용의 대자보가 나붙기도 했다.인하대와 인천지법에 따르면 인하,03348825.png
841598,03348848,는 23일 법안심사소위를 열어 정부가 제출한 비정규직법안을 심사해,03348848.png
841601,03348851,"""모자이크 프로젝트 예산은 자체 모순점과 문제점, 비효율성을 이유",03348851.png
841605,03348855,"정권자였는데 이에 대한 사과가 우선""이라고 했다. 한편 문 후보와 김",03348855.png
841606,03348856,동결에 나섰다고 밝혔습니다. 법원으로부터 추징보전 명령이 나오면,03348856.png
841607,03348857,화를 추진하겠다고 밝 혔습니다. 평창 올림픽에 대해서는 88 올림픽,03348857.png
841608,03348858,아들 C군은 주소지의 학교를 피하기 위해 서울 강동구로 위장전입한,03348858.png
841611,03348861,받고 직장에서 직위해제 됐다는 가족들의 말에따라 숨진 이씨가 신변,03348861.png
841619,03348869,국한 김 전 회장은 2001년 5월 모두 41조원의 분식회계를 통해금융,03348869.png
841620,03348870,며 국제 비즈니스를 하는 사업가로 알려졌다.손정은 아나운서는 예비,03348870.png
841622,03348872,"우포늪 으뜸 명소 가꾸기, 산청 한방휴양체험특화도시 조성, 합천 대",03348872.png
841626,03348876,심신에 활기를 준다. 슈렘스버그 블랑 드 누아는 익은 복숭아 살구 딸,03348876.png
841630,03348880,치행위를 당장 그만두고 이명박 대통령의 불법대선자금에 연루된 이,03348880.png
841641,03348891,별법 적용을 받게 됩니다. 조원동 전 청와대 경제수석에 대한 재판은,03348891.png
841642,03348892,보기 위해 이씨를 끌어들인 것으로 판단하고 있다. 이씨 구속 전 피의,03348892.png
841657,03348907,위원장과의 악연도 화제였다. 두 사람의 악연은 지난 2003년 철도노,03348907.png
841668,03348918,이들 중 15학번 남학생 9명은 주점에 후배 남학생들을 불러 동료 여,03348918.png
841670,03348920,전북 특성 살린 지역축제 한창 전북도 전역이 축제 열기에 휩싸였다.,03348920.png
841681,03348931,편과 동반자살을 결심한 뒤 딸(11)에게 극약을 먹여 숨지게 해살인,03348931.png
841698,03348948,9회 연속 월드컵 본선 진출은 마지막 벼랑 끝까지 몰리는 힘겨운 과정,03348948.png
841702,03348952,나타났습니다. 내일은 전국에 봄비가 내리면서 기온도 제자리를 되찾,03348952.png
841709,03348959,업공시를 총괄하는 부원장에는 박원호 부원장보가 각각 승진 임명될,03348959.png
841712,03348962,사사고가 발생해 구미시민들과 구미공단 입주업체들에게 큰 피해를,03348962.png
841714,03348964,조화를 이룬다. 입맛을 잃기 쉬운 삼복더위엔 매콤 칼칼한 낙지볶음,03348964.png
841718,03348968,금감원은 은행과 중소서민 검사 담당 부원장보 자리를 신설해 일반은,03348968.png
841721,03348971,서울시 교육청이 답안대리 작성과 관련해 서울 동부지검에 수사를,03348971.png
841730,03348980,국으로 확대 개편하는 등 조직을 대폭 확대한다. 특히 감독과 검사업,03348980.png
841734,03348984,"문제보다 더 어려운 게 내부 의견 분열이라면서, 어르신들이 새 정부",03348984.png
841740,03348990,어가 있기 때문에 이 법안을 그대로 의결하면 민주당이 제기한 북한,03348990.png
841744,03348994,망각하는 것이며 국민적 평화통일 의지를 훼손하는 과오를 범하는 것,03348994.png
841748,03348998,공조를 강화하기 위해서다. 박재완 기획재정부 장관과 김중수 한국은,03348998.png
841751,03349001,9회 연속 월드컵 본선 진출은 마지막 벼랑 끝까지 몰리는 힘겨운 과정,03349001.png
841756,03349006,청구했다. 잦은 말바꾸기로 증거인멸 등의 우려가 있는 조씨를 그냥,03349006.png
841758,03349008,"평취수장의 임시보 유실로 단수대란을 일으킨 데 이어, 2개월도 채 되",03349008.png
841761,03349011,으로 산뜻하고도 정교한 맛이 부드럽고 감칠맛 있는 민어회와의 조화,03349011.png
841763,03349013,"날씨정보 전해드렸습니다.""",03349013.png
841776,03349026,인 정황이 드러나면서 검찰 수사가 사정기관의 최고위층으로 확대되,03349026.png
841777,03349027,진행된다. 이번 탐방은 롯데백화점의 '역사 바로 세우기'캠페인의 일,03349027.png
841780,03349030,동 자택과 1억 원짜리 수표 30장 등 모두 58억 원 규몹니다. CJ그룹,03349030.png
841794,03349044,"해해주는 세심함에 반했다""면서 ""소울 메이트처럼 천생연분이라 느",03349044.png
841797,03349047,"함됐다. 경남도는 지역 균형발전을 위해 밀양 아리랑파크 조성, 창녕",03349047.png
841802,03349052,한 일본대사관 앞의 일본군 위안부 평화비(소녀상)에 '다케시마(독도,03349052.png
841806,03349056,자를 목격한 사실을 확인했다. 경찰은 이씨의 군부대에 이씨의 특별,03349056.png
841813,03349063,간을 단축하고 있지만 정규직을 채용할 경우 고용을 계속 유지해야,03349063.png
841815,03349065,"경영실적보고서를 평가편람 내용과 다르게 작성하지 말라""고 주의를",03349065.png
841820,03349070,의 일정 비율을 적립해 기부하게 된다. 차병원은 이기부금을 소아뇌,03349070.png
841823,03349073,대한통운(대표 이원태)이 글로벌 인재 양성에 박차를 가하고 있다. 대,03349073.png
841826,03349076,"아랍어, 베트남어 등 떠오르는 신흥 국가 언어강좌도 신청이 점차 늘",03349076.png
841831,03349081,"표경기와 체감경기간 괴리에 대한 의견교환이 있었고, 서비스산업 경",03349081.png
841842,03349092,화축제가 전주시 풍남동 경기전 일대에서 열린다. 임실군에선 30일,03349092.png
841844,03349094,"당대표 연설에서 ""정권 연장용 정치공작, 야당 죽이기 공작수사를 즉",03349094.png
841846,03349096,을 지켜보며법안 처리향방에 촉각을 곤두세웠다.,03349096.png
841850,03349100,"재 선에서 협의채널을 만들기로 했다""고 말했다. 양측은 간담회 직후",03349100.png
841854,03349104,고생할 것으로 우려해 딸에게 극약을 먹여 숨지게 한 혐의로 구속기,03349104.png
841870,03349120,있었으나 2003년부터 학부모의 실제 거주지는 서울 강남구 개포동,03349120.png
841873,03349123,"피해자 문제 제기를 하는 등 보다 적극적인 자세를 보여야 한다""고 말",03349123.png
841880,03349130,4년형을 선고하는 것은 과도하다는 지적이다. 또 소셜 네트워크를 규,03349130.png
841886,03349136,차량에 많이 쓰인다. 반면 래그형 은 트럭이나 버스에 장착되는 타이,03349136.png
841893,03349143,사실이 뒤늦게 밝혀졌다. 담임교사는 C군의 전입학 이전부터 이미 C,03349143.png
841900,03349150,경보가 호남과 충남을 제외한 대부분 지역에는 건조주의보가 계속되,03349150.png
841904,03349154,"민생인권법에 대해 ""민주당이 북한 주민의 민생문제를 제기한 바 있",03349154.png
841906,03349156,"이훈규 차의과학대학 총장, 지훈상 분당차병원 병원장 등이 참석한",03349156.png
841913,03349163,됩니다. 토요일과 일요일에도 날씨로 인한 큰 불편은 없을 것으로 보,03349163.png
841923,03349173,의뢰했기 때문에 필요할 경우 C검사는 참고인 자격으로 소환될 가능,03349173.png
841938,03349188,법무부는 8일 프랑스의 열차 제작업체 로르 그룹의 로베르 로르 회장,03349188.png
841941,03349191,"노조 파업에 공권력 투입을 사실상 결정했고, 김 위원장은 철도노조",03349191.png
841953,03349203,인성 교과목을 운영해 인성 및 인권 존중의 교육 환경을 조성해나가,03349203.png
841957,03349207,"올린 것에 대해서는 지나친 중형""이라고 주장했다. 반면 공공의 안녕",03349207.png
841959,03349209,영장을 청구했으며 긴급체포돼 수감 중인 은 전 위원을 이날 다시 불,03349209.png
841966,03349216,"사용할 계획이다. 이재우 사장은 ""이번 협약 체결로 병마와 싸우고",03349216.png
841972,03349222,간을 단축하고 있지만 정규직을 채용할 경우 고용을 계속 유지해야,03349222.png
841973,03349223,혐의로 기소된 노모(38.여)씨에 대해 징역 3년에 집행유예 5년을 선,03349223.png
841977,03349227,명숙 전 총리 사건처럼 정의가 거짓을 이긴다는 사실을 반드시 증명,03349227.png
841982,03349232,21일 오후 5시 10분께 충북 영동군 양산면 가곡리 이모(57.농업)씨,03349232.png
841986,03349236,정책에 대한 반성이 없다는 것이 민주노총 내부의 분위기다. 문 후보,03349236.png
841991,03349241,경보가 호남과 충남을 제외한 대부분 지역에는 건조주의보가 계속되,03349241.png
842008,03349258,맞는 이 축제는 공음면 학원농장의 보리밭에서 5월 8일까지 열린다.,03349258.png
842010,03349260,반면 예산삭감을 주도한 도의회 한나라당 원내대표인 김오영 의원은,03349260.png
842015,03349265,"법무부에 전달되며, 김승규 장관이 사표 수리 여부를 최종 결정하게",03349265.png
842019,03349269,소재로 한 '2011 고창 복분자 푸드페스티벌'을 개최해 축제의 계절에,03349269.png
842022,03349272,"법을 ""최악의 사태를 몰아오는 정치적 도발""로 규정했다. 북한은 논평",03349272.png
842024,03349274,"다. 이에 따라 1차로 국내 직원 10여 명을 미국, 중국, 일본 등 해외 6",03349274.png
842025,03349275,으로 알려지고 있다. 지난 5월 8일 구미시와 국가공단의 생명줄인 해,03349275.png
842026,03349276,"의 대표주자로 국내에서도 인기를 누리고 있으며, 각종 와인 평가에",03349276.png
842028,03349278,했던 치즈축제와 오수의견제를 통합해 올해 처음 통합축제로 연다.,03349278.png
842029,03349279,호사는 박 전 대통령의 현금 10억여 원도 보관 중입니다. 지금까지 드,03349279.png
842038,03349288,"보다 높겠고, 한낮에도 대부분 지역이 영상으로 오르면서 추위가 누",03349288.png
842039,03349289,당 소속 의원들이 다수인 경남도의회는 추경예산안 심의에서 모두 1,03349289.png
842050,03349300,"기상정보였습니다.""",03349300.png
842051,03349301,자원공사측에 건의했다. 하지만 수자원공사는 사고직전 가물막이 시,03349301.png
842052,03349302,을 챙긴 혐의(자본시장통합법 위반) 등으로 국제금융브로커 이 모씨,03349302.png
842054,03349304,정이다. 은행권역에서는 은행감독국이 신설되고 외환업무실이 외환,03349304.png
842069,03349319,밝혔다. 박씨도 로비 자체를 부인하고 있다. 박씨는 부산저축은행에,03349319.png
842073,03349323,서 생산된 우유를 신선한 상태로 고객에게 전달하고 있다. 지난 2009,03349323.png
842088,03349338,"경영실적보고서를 평가편람 내용과 다르게 작성하지 말라""고 주의를",03349338.png
842089,03349339,한 힘을 받는 차량에 적합하다. 요즘에는 리그와 래그형을 혼합한 형,03349339.png
842095,03349345,"울 14도, 대전과 광주 16도, 대구 17도로 오늘보다 6도에서 8도 가",03349345.png
842103,03349353,다.,03349353.png
842104,03349354,고 소개했다.,03349354.png
842111,03349361,추가로 확보해 조사중이다. 경찰에 따르면 5일 밤 9시51분께 강원도,03349361.png
842114,03349364,정책에 대한 반성이 없다는 것이 민주노총 내부의 분위기다. 문 후보,03349364.png
842119,03349369,"으며 사안의 중대성을 감안, 가해 학생들의 이의 제기를 면밀히 검토",03349369.png
842124,03349374,씨를 불러 조사할 예정이다. 검찰은 로비의 '최종종착지'인 몸통을 추,03349374.png
842126,03349376,천건을 빼내 이 가운데 2천건을 지난 2월 20만원을 받고 판 혐의를,03349376.png
842129,03349379,"참여시켰는데 지금은(이명박정부는) 그런 의지가 전혀 없다""며 ""지금",03349379.png
842134,03349384,"표로 광해방지 기술 중 오염토양 복원기술, 광산배수 처리기술을 표",03349384.png
842135,03349385,"에서 ""북인권법이라는 것을 기어코 조작해낸다면 그 순간부터 북남관",03349385.png
842142,03349392,"많겠고, 아침 기온은 영하 13도, 한낮엔 2도를 기록하겠는데요. 개막",03349392.png
842156,03349406,"고했다. 재판부는 판결문에서 ""어린 딸에게 죽음을 강요한 것은 어떤",03349406.png
842157,03349407,데이'에서 앵커를 맡고 있다. 결혼식은 오는 10월 16일 오후 1시 소,03349407.png
842169,03349419,"달리 19m파일 대신 6m파일을 박았고, 가물막이 하류지역의 준설을",03349419.png
842171,03349421,"과 유럽 재정위기 등 불안요인이 크고 대내적으로는 물가불안, 가계",03349421.png
842175,03349425,"도록 모든 노력을 아끼지 않을 것""이라고 주장했다. 이에 앞서 지난 1",03349425.png
842185,03349435,했습니다. 송수진 기자의 보도입니다. 리포트 문재인 대통령이 강력,03349435.png
842188,03349438,"받고 있다. 김군은 경찰에서 ""처음엔 호기심으로 개인정보를 빼내 저",03349438.png
842190,03349440,서 생산된 우유를 신선한 상태로 고객에게 전달하고 있다. 지난 2009,03349440.png
842195,03349445,"데 인식을 같이했다""고 밝혔다. 양 기관은 또 ""거시정책은 물가안정에",03349445.png
842198,03349448,"정권자였는데 이에 대한 사과가 우선""이라고 했다. 한편 문 후보와 김",03349448.png
842199,03349449,담 부원장보에는 신응호 기업금융개선국장이 임명될 것으로 알려졌,03349449.png
842210,03349460,기관으로부터 9조2천억원의 사기대출을 받은 혐의 등으로 대검 중수,03349460.png
842212,03349462,시 김종창 금감원장에게 청탁한 정황을 포착한 것으로 30일 확인됐,03349462.png
842217,03349467,"발견했다""고 말했다. 경찰은 지난해 부부싸움을 벌이다 아내가 투신",03349467.png
842221,03349471,"신 일자리 예산을 늘려 일자리 4만 7천 개를 새로 만들고, 보건소마다",03349471.png
842224,03349474,안중근의사숭모회(이사장 안응모)가 주최하고 롯데백화점이 후원하,03349474.png
842227,03349477,서 생산된 우유를 신선한 상태로 고객에게 전달하고 있다. 지난 2009,03349477.png
842235,03349485,창 올림픽은 88올림픽 이후 성장과 발전을 전세계에 알리는 좋은 계,03349485.png
842240,03349490,감독국으로 확대된다. 또 외은지점의 감독과 검사를 전담하는 별도의,03349490.png
842248,03349498,있었을 것이라면서 김 전 회장의 입국설에 회의적인반응을 보였다.,03349498.png
842249,03349499,희롱 사건으로 모두 21명의 가해 남학생들을 징계했다고 설명했다.,03349499.png
842252,03349502,한국노총도 법안 강행시 벌이기로 했던 노사정위 탈퇴와 대정부 투쟁,03349502.png
842255,03349505,원정 4경기에서 1승도 거두지 못한 슈틸리케 감독은 결국 취임 2년 9,03349505.png
842256,03349506,원의 중간 전달자로 지목된 조기문씨가 돈을 받은 3월 15일과 다음날,03349506.png
842259,03349509,"""오늘은 날이 참 따뜻했죠? 온화한 남서풍이 불면서 기온이 크게 올",03349509.png
842267,03349517,신청 업체는 전무한 것으로 나타났다. 17일 울산지방노동사무소에,03349517.png
842269,03349519,"기가 될 거라고 전망했습니다. 문 대통령은 어르신 정책과 관련해선,",03349519.png
842270,03349520,민 1명이 다리에 총상을 입었다. 브라질 경찰은 300여명의 병력을 동,03349520.png
842273,03349523,"쟁력 강화 등 내수기반 강화가 필요하다""는 데 의견을 같이했다. 양",03349523.png
842274,03349524,을 유보한채 국회의 처리 방향을 예의 주시키로 했다. 이날 환노위 법,03349524.png
842276,03349526,나 경기전망이 불투명 한데다 지원은 한시적이고 고용은 계속유지해,03349526.png
842280,03349530,조율하는 '거시정책실무협의회'를 구성하기로 했다. 물가안정과 고용,03349530.png
842289,03349539,다.,03349539.png
842303,03349553,골인하게 됐다. 예비 신랑은 1살 연상의 사업가 장모(32)씨로 고대,03349553.png
842306,03349556,정책에 대한 반성이 없다는 것이 민주노총 내부의 분위기다. 문 후보,03349556.png
842313,03349563,유시장의 경쟁은 더욱 치열해지고 있다. 빠리바게뜨를 운영하는 SPC,03349563.png
842320,03349570,생인권법을 병합심사할 것을 주문하고 있다. 이 과정에서 한나라당은,03349570.png
842325,03349575,희롱 사건으로 모두 21명의 가해 남학생들을 징계했다고 설명했다.,03349575.png
842330,03349580,이 초등학교 친구들보다 1년 늦었다. 아들이 동네 학교에서 친구들의,03349580.png
842332,03349582,됐으나 현재 숨진 구씨를 제외한 나머지 선원 6명은 모두 안전한 곳에,03349582.png
842334,03349584,"주를 이뤄 북한을 자극만 할 뿐""이라며 자신들이 별도 제출한 북한민",03349584.png
842345,03349595,"6월 10일부터는 고창 특산물인 복분자와 풍천장어, 수박과 옥수수를",03349595.png
842346,03349596,파이시한 풍미와 미네랄의 느낌이 아주 조화롭게 어우러져 있는 와인,03349596.png
842348,03349598,"간담회 직후 기자들과 만나 ""앞으로 자주 만나기로 했고, 차관과 부총",03349598.png
842355,03349605,량 낮겠습니다. 바다의 물결은 동해상에서 최고 6미터까지 거세게 일,03349605.png
842363,03349613,원을 직접 만나 돈을 건네지 않았을 가능성이 높다고 보고 현 전 의원,03349613.png
842364,03349614,수 있는 구조로 설계되어 있다. 이렇게 되면 견인성과 제동성이 클 뿐,03349614.png
842375,03349625,"쟁력 강화 등 내수기반 강화가 필요하다""는 데 의견을 같이했다. 양",03349625.png
842382,03349632,"하기때문에 꺼리는 것으로 풀이됐다. 노동사무소 관계자는 ""근로시간",03349632.png
842383,03349633,들어오려한다면 변호인을통해 사전 조율을 했을텐데 그런 움직임이,03349633.png
842384,03349634,불 축제'를 연다.,03349634.png
842386,03349636,국으로 확대 개편하는 등 조직을 대폭 확대한다. 특히 감독과 검사업,03349636.png
842396,03349646,"서로 데려온 뒤 정확한 목격당시 상황, 불을 던진 남자와 용의자 윤씨",03349646.png
842398,03349648,"정권자였는데 이에 대한 사과가 우선""이라고 했다. 한편 문 후보와 김",03349648.png
842403,03349653,법무부는 8일 프랑스의 열차 제작업체 로르 그룹의 로베르 로르 회장,03349653.png
842406,03349656,고 있다. 야당과 시민사회단체들은 중형을 선고한 것은 지나치다고,03349656.png
842410,03349660,도 졸전 끝 무승부로 우즈베크와의 벼랑 끝 결전을 치러야 했습니다.,03349660.png
842413,03349663,에 비기면서 출발부터 불안했습니다.4차전 이란 원정에서 단 한 개의,03349663.png
842426,03349676,급할 가능성이 높다. 3억원을 개인적으로 사용하지 않았다면 모든 혐,03349676.png
842427,03349677,끼치고 있다. 하지만 수자원공사는 공기업 경영평가에서는 작성기준,03349677.png
842429,03349679,"과 오씨가 서로 아는 사이라는 사실도 뒤늦게 우연히 알게됐다""고 덧",03349679.png
842431,03349681,안중근의사숭모회(이사장 안응모)가 주최하고 롯데백화점이 후원하,03349681.png
842434,03349684,"지급률 수정 등 적절한 조치를 취하라""고 통보하고, 수공 사장에게 """,03349684.png
842437,03349687,며 최근 인천지법에 징계효력정지 가처분 신청과 함께 징계처분무효,03349687.png
842439,03349689,한인권법을 놓고 팽팽하게 맞서는 동안 북한은 이같은 움직임에 대한,03349689.png
842445,03349695,"자력 서비스센터 준공으로원자로 분해조립, 연료재장전 훈련 등을 실",03349695.png
842449,03349699,"9월 중국전 한 골 차 진땀승을 시작으로, 조 최약체로 꼽히던 시리아",03349699.png
842451,03349701,한나라당의 '역공'으로 풀이된다. 김 지사측은 한나라당 차원의 의도,03349701.png
842452,03349702,"제 상황처럼 해볼 수 있게 돼정비 전문인력 양성은 물론, 새로운 정비",03349702.png
842453,03349703,"신 일자리 예산을 늘려 일자리 4만 7천 개를 새로 만들고, 보건소마다",03349703.png
842456,03349706,"을 감안해 집행유예를 선고한다""고 밝혔다. 노씨는 2003년 10월께",03349706.png
842457,03349707,"러나 학교측은 당시 대부분의 학급이 정원 수준인 35, 36명이었으나",03349707.png
842458,03349708,회복을 중심으로 거시정책이 운영돼야 한다는 공통인식에 따라 정책,03349708.png
842464,03349714,"비스총괄본부가 폐지되고 산하에 있던 감독총괄국과 거시감독국, 국",03349714.png
842467,03349717,한 국방력을 기반으로 남북 대화와 평화를 추구해 가겠다고 말했습니,03349717.png
842477,03349727,"군산시에서는 5월 4일부터 8일까지 5월의 보리밭, 추억속으로 안내",03349727.png
842478,03349728,인 정황이 드러나면서 검찰 수사가 사정기관의 최고위층으로 확대되,03349728.png
842482,03349732,권재진 청와대 민정수석에게 전화를 걸어 구명로비를 했다는 의혹을,03349732.png
842490,03349740,"드러났다. 한편 C군의 아버지는 ""아들을 강동구 소재 고교에 전입학",03349740.png
842492,03349742,사회적 합의에 기초해서 가야한다고 생각해 동반성장위원회를 만든,03349742.png
842497,03349747,권에 따르면 금감원은 이같은 내용의 조직개편안을 마련하고 조만간,03349747.png
842499,03349749,"""동반성장지수와 중소기업 적합업종 선정의 경우 사회적 파장이 크고",03349749.png
842505,03349755,육관광부 우수축제로 선정된 '제81회 춘향제'가 열린다. 정읍시에서,03349755.png
842510,03349760,민주통합당 이해찬 대표는 1일 검찰의 박지원 원내대표에 대한 수사,03349760.png
842517,03349767,"송수진입니다.""",03349767.png
842538,03349788,문제 해결과 한반도 평화를 일구도록 노력하겠다고 약속했습니다. 지,03349788.png
842549,03349799,"가야한다""며 노동계의 위상 강화 필요성을 강조했다. 그러나 민주노",03349799.png
842551,03349801,서 높은 점수를 받아 가격대비 최고의 와인이다. 예로부터 임금님 보,03349801.png
842554,03349804,"환으로, 바른 역사관과 정체성을 가지고 사회적 책임을 다하는 기업",03349804.png
842560,03349810,"로 알려졌다. 법무부 관계자는 ""C검사가 제출한 사표는 대검을 통해",03349810.png
842563,03349813,장은 위장전입 여부를 조사해 문제가 있으면 배정 자체를 취소해야,03349813.png
842564,03349814,게 불며 쌀쌀하겠습니다. 주말에는 대체로 맑은 날씨가 예상됩니다.,03349814.png
842576,03349826,"기관은 ""대내외 경제여건과 금융시장의 불확실성이 지속되는 만큼 정",03349826.png
842578,03349828,"술력 향상사업에 광해방지기술의 KS 및 ISO 인증을 신규 제안했으며,",03349828.png
842586,03349836,일겠습니다. 연휴가 끝나도 심한 추위는 없을 것으로 보입니다. 기상,03349836.png
842588,03349838,". 내일은 오늘보다 기온이 더 높겠습니다. 서울 아침 기온 영하 6도,",03349838.png
842590,03349840,시민들을 인질로 잡은 채 범행을 저지르고 달아났다. 이 과정에서시,03349840.png
842591,03349841,한나라당의 '역공'으로 풀이된다. 김 지사측은 한나라당 차원의 의도,03349841.png
842593,03349843,손해배상 소송을 할 경우 법률상담비나 소송대리 등 정부 지원을 받,03349843.png
842596,03349846,"된다""고 말했다. 대검 감찰부는 시험답안 대리작성과 관련해 위장전",03349846.png
842598,03349848,"다""고 벼르고 있다. 민주당은 ""한나라당 법안은 보수단체 지원내용만",03349848.png
842605,03349855,총 내부에서는 썩 우호적이지 않았던 것으로 전해졌다. 이날 간담회,03349855.png
842613,03349863,서 주행을 할 수 있도록 한다. 또한 블록패턴의 트레드는 바퀴 압력에,03349863.png
842616,03349866,"날리며'의 영문 제목)'에 이은 원빈의 '브라더 시리즈'의 제2탄""이라",03349866.png
842625,03349875,"무가 분리되면서 은행, 보험, 금융투자, 중소서민 등 각 권역별로 감독",03349875.png
842644,03349894,가물막이 붕괴사고는 수차례 안전보강공사가 필요하다는 지적을 무,03349894.png
842645,03349895,로웍스 대표(44 구속)와 공모해 주가조작으로 수십억대의 시세차익,03349895.png
842648,03349898,"황토현 동학축제'를 통해 1박2일 황토현숙영캠프, 동학농민혁명군",03349898.png
842651,03349901,해 체계적으로 어학능력을 배양하고 있다. 또한 사이버 아카데미 어,03349901.png
842652,03349902,의로 지난 21일 박씨를 구속했다.,03349902.png
842653,03349903,"으로 모실 예정""이라고 말했다. 문 후보는 또 ""참여정부는 한계가 있",03349903.png
842664,03349914,성마비 환자를 위해 1000만원을 전달했다.,03349914.png
842665,03349915,이 과제가 국가 추진과제로 선정됐다. 이에 따라 오는 2014년을 목,03349915.png
842668,03349918,업부서로 배치해 검사기능과 소비자보호 업무를 대폭 강화한다는 방,03349918.png
842672,03349922,"에서 개봉한다. 일본 산케이스포츠는 21일 ""'마이 브라더('우리형'의",03349922.png
842675,03349925,오리엔테이션 자리에서 16학번 한 남학생이 신입생 후배에게 16학번,03349925.png
842684,03349934,"거나 성추행을 한 경우에 내려지는 형벌 수준""이라며 ""인터넷에 글을",03349934.png
842688,03349938,단축에 따른 중소기업의 부담을 덜어주기 위해지원사업을 펴고 있으,03349938.png
842689,03349939,"종합 서비스센터 설립은 필수적인 과제였다""면서 ""원전 주기기 제작",03349939.png
842700,03349950,한국노총도 법안 강행시 벌이기로 했던 노사정위 탈퇴와 대정부 투쟁,03349950.png
842710,03349960,"학과정을 운영하고 있으며, 지난해 약 2000여 명이 신청했을 정도로",03349960.png
